elapsed_s,wall_clock,channel,value,valid
3.027,23:10:41.922,temperature,21.78,1
3.027,23:10:41.922,humidity,69.72,1
3.078,23:10:41.972,noise,84.7,1
6.152,23:10:45.047,temperature,21.78,1
6.153,23:10:45.047,humidity,69.79,1
6.153,23:10:45.047,noise,50.1,1
9.227,23:10:48.122,temperature,21.77,1
9.227,23:10:48.122,humidity,69.81,1
9.227,23:10:48.122,noise,44.0,1
12.308,23:10:51.203,temperature,21.75,1
12.308,23:10:51.203,humidity,69.93,1
12.359,23:10:51.253,noise,41.4,1
15.439,23:10:54.334,temperature,21.75,1
15.439,23:10:54.334,humidity,69.99,1
15.440,23:10:54.334,noise,45.5,1
18.516,23:10:57.411,temperature,21.75,1
18.516,23:10:57.411,humidity,70.11,1
18.516,23:10:57.411,noise,43.3,1
21.595,23:11:00.490,temperature,21.75,1
21.595,23:11:00.490,humidity,70.15,1
21.595,23:11:00.490,noise,41.8,1
24.723,23:11:03.618,temperature,21.77,1
24.723,23:11:03.618,humidity,70.2,1
24.723,23:11:03.618,noise,50.9,1
27.800,23:11:06.694,temperature,21.73,1
27.800,23:11:06.694,humidity,70.21,1
27.800,23:11:06.694,noise,46.8,1
30.877,23:11:09.772,temperature,21.79,1
30.877,23:11:09.772,humidity,70.37,1
30.928,23:11:09.822,noise,40.8,1
34.007,23:11:12.902,temperature,21.78,1
34.007,23:11:12.902,humidity,70.42,1
34.007,23:11:12.902,noise,40.4,1
37.087,23:11:15.982,temperature,21.79,1
37.087,23:11:15.982,humidity,70.53,1
37.087,23:11:15.982,noise,41.3,1
40.166,23:11:19.060,temperature,21.78,1
40.166,23:11:19.060,humidity,70.56,1
40.166,23:11:19.060,noise,41.3,1
43.294,23:11:22.189,temperature,21.76,1
43.294,23:11:22.189,humidity,70.62,1
43.294,23:11:22.189,noise,41.0,1
46.375,23:11:25.270,temperature,21.76,1
46.375,23:11:25.270,humidity,70.69,1
46.375,23:11:25.270,noise,40.4,1
49.455,23:11:28.350,temperature,21.76,1
49.455,23:11:28.350,humidity,70.79,1
49.455,23:11:28.350,noise,40.6,1
52.532,23:11:31.427,temperature,21.78,1
52.532,23:11:31.427,humidity,70.9,1
52.583,23:11:31.477,noise,40.8,1
55.661,23:11:34.556,temperature,21.78,1
55.661,23:11:34.556,humidity,70.97,1
55.661,23:11:34.556,noise,43.2,1
58.740,23:11:37.634,temperature,21.76,1
58.740,23:11:37.635,humidity,71.06,1
58.740,23:11:37.635,noise,41.4,1
61.818,23:11:40.713,temperature,21.81,1
61.818,23:11:40.713,humidity,71.12,1
61.869,23:11:40.764,noise,40.8,1
64.947,23:11:43.842,temperature,21.79,1
64.947,23:11:43.842,humidity,71.19,1
64.947,23:11:43.842,noise,40.7,1
68.024,23:11:46.918,temperature,21.8,1
68.024,23:11:46.918,humidity,71.25,1
68.024,23:11:46.918,noise,41.6,1
71.102,23:11:49.997,temperature,21.81,1
71.102,23:11:49.997,humidity,71.3,1
71.102,23:11:49.997,noise,40.8,1
74.190,23:11:53.084,temperature,21.81,1
74.240,23:11:53.135,humidity,71.39,1
74.241,23:11:53.135,noise,42.4,1
77.318,23:11:56.212,temperature,21.8,1
77.318,23:11:56.212,humidity,71.42,1
77.318,23:11:56.212,noise,41.5,1
80.397,23:11:59.291,temperature,21.8,1
80.397,23:11:59.291,humidity,71.45,1
80.397,23:11:59.291,noise,40.6,1
83.477,23:12:02.372,temperature,21.83,1
83.477,23:12:02.372,humidity,71.49,1
83.527,23:12:02.422,noise,40.9,1
86.604,23:12:05.499,temperature,21.81,1
86.604,23:12:05.499,humidity,71.56,1
86.604,23:12:05.499,noise,47.0,1
89.684,23:12:08.578,temperature,21.83,1
89.684,23:12:08.578,humidity,71.61,1
89.684,23:12:08.578,noise,49.9,1
92.763,23:12:11.658,temperature,21.83,1
92.763,23:12:11.658,humidity,71.68,1
92.763,23:12:11.658,noise,40.9,1
95.893,23:12:14.788,temperature,21.82,1
95.893,23:12:14.788,humidity,71.8,1
95.893,23:12:14.788,noise,40.9,1
98.971,23:12:17.866,temperature,21.83,1
98.971,23:12:17.866,humidity,71.9,1
98.971,23:12:17.866,noise,44.6,1
102.050,23:12:20.945,temperature,21.84,1
102.050,23:12:20.945,humidity,71.93,1
102.050,23:12:20.945,noise,42.5,1
105.130,23:12:24.024,temperature,21.85,1
105.180,23:12:24.075,humidity,72.0,1
105.181,23:12:24.075,noise,41.1,1
108.258,23:12:27.152,temperature,21.84,1
108.258,23:12:27.152,humidity,72.03,1
108.258,23:12:27.152,noise,42.6,1
111.336,23:12:30.231,temperature,21.87,1
111.336,23:12:30.231,humidity,72.1,1
111.336,23:12:30.231,noise,42.8,1
114.414,23:12:33.309,temperature,21.83,1
114.465,23:12:33.360,humidity,72.17,1
114.466,23:12:33.360,noise,41.0,1
117.544,23:12:36.438,temperature,21.86,1
117.544,23:12:36.439,humidity,72.21,1
117.544,23:12:36.439,noise,41.2,1
120.624,23:12:39.518,temperature,21.84,1
120.624,23:12:39.518,humidity,72.27,1
120.624,23:12:39.518,noise,44.4,1
123.701,23:12:42.596,temperature,21.86,1
123.702,23:12:42.596,humidity,72.37,1
123.752,23:12:42.647,noise,48.2,1
126.830,23:12:45.725,temperature,21.88,1
126.830,23:12:45.725,humidity,72.38,1
126.830,23:12:45.725,noise,49.2,1
129.910,23:12:48.805,temperature,21.87,1
129.910,23:12:48.805,humidity,72.42,1
129.910,23:12:48.805,noise,41.6,1
132.989,23:12:51.884,temperature,21.87,1
132.990,23:12:51.884,humidity,72.45,1
132.990,23:12:51.884,noise,43.7,1
136.120,23:12:55.015,temperature,21.87,1
136.120,23:12:55.015,humidity,72.42,1
136.120,23:12:55.015,noise,41.0,1
139.200,23:12:58.095,temperature,21.88,1
139.200,23:12:58.095,humidity,72.35,1
139.200,23:12:58.095,noise,40.9,1
142.280,23:13:01.175,temperature,21.87,1
142.280,23:13:01.175,humidity,72.22,1
142.280,23:13:01.175,noise,40.9,1
145.359,23:13:04.254,temperature,21.85,1
145.359,23:13:04.254,humidity,72.1,1
145.410,23:13:04.304,noise,41.2,1
148.490,23:13:07.385,temperature,21.84,1
148.491,23:13:07.385,humidity,72.05,1
148.491,23:13:07.385,noise,42.0,1
151.571,23:13:10.465,temperature,21.83,1
151.571,23:13:10.465,humidity,72.04,1
151.571,23:13:10.465,noise,40.6,1
154.651,23:13:13.545,temperature,21.84,1
154.651,23:13:13.545,humidity,72.05,1
154.651,23:13:13.545,noise,47.9,1
157.730,23:13:16.625,temperature,21.84,1
157.781,23:13:16.675,humidity,72.2,1
157.781,23:13:16.675,noise,42.7,1
160.861,23:13:19.755,temperature,21.87,1
160.861,23:13:19.755,humidity,72.48,1
160.861,23:13:19.755,noise,40.5,1
163.938,23:13:22.833,temperature,21.89,1
163.938,23:13:22.833,humidity,72.67,1
163.938,23:13:22.833,noise,40.7,1
167.018,23:13:25.913,temperature,21.89,1
167.018,23:13:25.913,humidity,72.82,1
167.069,23:13:25.964,noise,40.4,1
170.148,23:13:29.043,temperature,21.92,1
170.148,23:13:29.043,humidity,72.92,1
170.148,23:13:29.043,noise,40.4,1
173.228,23:13:32.123,temperature,21.95,1
173.228,23:13:32.123,humidity,73.11,1
173.228,23:13:32.123,noise,40.4,1
176.306,23:13:35.201,temperature,21.99,1
176.306,23:13:35.201,humidity,73.34,1
176.306,23:13:35.201,noise,40.5,1
179.435,23:13:38.330,temperature,22.03,1
179.435,23:13:38.330,humidity,73.63,1
179.435,23:13:38.330,noise,40.4,1
182.520,23:13:41.414,temperature,22.04,1
182.520,23:13:41.414,humidity,73.83,1
182.520,23:13:41.414,noise,40.4,1
185.600,23:13:44.495,temperature,22.04,1
185.600,23:13:44.495,humidity,74.01,1
185.600,23:13:44.495,noise,40.4,1
188.679,23:13:47.574,temperature,22.05,1
188.679,23:13:47.574,humidity,74.14,1
188.730,23:13:47.625,noise,40.5,1
191.809,23:13:50.703,temperature,22.08,1
191.809,23:13:50.703,humidity,74.17,1
191.809,23:13:50.703,noise,40.6,1
194.890,23:13:53.785,temperature,22.08,1
194.890,23:13:53.785,humidity,74.14,1
194.890,23:13:53.785,noise,41.4,1
197.970,23:13:56.865,temperature,22.09,1
197.970,23:13:56.865,humidity,74.08,1
197.970,23:13:56.865,noise,40.8,1
201.053,23:13:59.948,temperature,22.09,1
201.054,23:13:59.948,humidity,74.05,1
201.104,23:13:59.999,noise,41.6,1
204.183,23:14:03.078,temperature,22.08,1
204.183,23:14:03.078,humidity,74.02,1
204.183,23:14:03.078,noise,47.8,1
207.264,23:14:06.159,temperature,22.09,1
207.264,23:14:06.159,humidity,73.97,1
207.264,23:14:06.159,noise,47.9,1
210.344,23:14:09.239,temperature,22.09,1
210.344,23:14:09.239,humidity,73.93,1
210.344,23:14:09.239,noise,50.4,1
213.425,23:14:12.320,temperature,22.11,1
213.476,23:14:12.371,humidity,73.86,1
213.476,23:14:12.371,noise,51.7,1
216.552,23:14:15.446,temperature,22.12,1
216.552,23:14:15.447,humidity,73.88,1
216.552,23:14:15.447,noise,50.3,1
219.629,23:14:18.524,temperature,22.12,1
219.629,23:14:18.524,humidity,73.8,1
219.629,23:14:18.524,noise,50.1,1
222.709,23:14:21.604,temperature,22.13,1
222.760,23:14:21.654,humidity,73.77,1
222.760,23:14:21.654,noise,50.5,1
225.837,23:14:24.732,temperature,22.14,1
225.837,23:14:24.732,humidity,73.68,1
225.837,23:14:24.732,noise,51.0,1
228.918,23:14:27.813,temperature,22.13,1
228.918,23:14:27.813,humidity,73.52,1
228.918,23:14:27.813,noise,50.5,1
231.996,23:14:30.891,temperature,22.12,1
231.996,23:14:30.891,humidity,73.38,1
232.046,23:14:30.941,noise,49.1,1
235.124,23:14:34.019,temperature,22.12,1
235.124,23:14:34.019,humidity,73.12,1
235.124,23:14:34.019,noise,49.8,1
238.200,23:14:37.095,temperature,22.07,1
238.200,23:14:37.095,humidity,72.85,1
238.200,23:14:37.095,noise,48.6,1
241.275,23:14:40.170,temperature,22.03,1
241.275,23:14:40.170,humidity,72.63,1
241.326,23:14:40.221,noise,53.4,1
244.405,23:14:43.300,temperature,22.03,1
244.405,23:14:43.300,humidity,72.41,1
244.405,23:14:43.300,noise,54.7,1
247.481,23:14:46.376,temperature,22.0,1
247.481,23:14:46.376,humidity,72.27,1
247.481,23:14:46.376,noise,53.2,1
250.557,23:14:49.452,temperature,22.0,1
250.608,23:14:49.502,humidity,72.13,1
250.608,23:14:49.502,noise,48.6,1
253.686,23:14:52.581,temperature,21.99,1
253.686,23:14:52.581,humidity,71.99,1
253.686,23:14:52.581,noise,49.8,1
256.765,23:14:55.660,temperature,21.97,1
256.766,23:14:55.660,humidity,71.86,1
256.766,23:14:55.660,noise,51.9,1
259.842,23:14:58.737,temperature,21.96,1
259.842,23:14:58.737,humidity,71.71,1
259.893,23:14:58.787,noise,50.4,1
262.968,23:15:01.863,temperature,21.96,1
262.968,23:15:01.863,humidity,71.63,1
262.968,23:15:01.863,noise,51.3,1
266.044,23:15:04.939,temperature,21.96,1
266.044,23:15:04.939,humidity,71.51,1
266.044,23:15:04.939,noise,51.1,1
269.120,23:15:08.014,temperature,21.94,1
269.170,23:15:08.065,humidity,71.35,1
269.170,23:15:08.065,noise,49.5,1
272.246,23:15:11.141,temperature,21.96,1
272.246,23:15:11.141,humidity,71.27,1
272.246,23:15:11.141,noise,52.5,1
275.323,23:15:14.218,temperature,21.94,1
275.323,23:15:14.218,humidity,71.12,1
275.323,23:15:14.218,noise,53.6,1
278.451,23:15:17.346,temperature,21.93,1
278.451,23:15:17.346,humidity,70.98,1
278.451,23:15:17.346,noise,52.4,1
281.531,23:15:20.426,temperature,21.88,1
281.531,23:15:20.426,humidity,70.84,1
281.531,23:15:20.426,noise,46.3,1
284.611,23:15:23.506,temperature,21.84,1
284.611,23:15:23.506,humidity,70.7,1
284.611,23:15:23.506,noise,44.4,1
287.689,23:15:26.584,temperature,21.82,1
287.689,23:15:26.584,humidity,70.64,1
287.739,23:15:26.634,noise,48.6,1
290.819,23:15:29.714,temperature,21.82,1
290.819,23:15:29.714,humidity,70.55,1
290.819,23:15:29.714,noise,51.4,1
293.897,23:15:32.792,temperature,21.8,1
293.897,23:15:32.792,humidity,70.49,1
293.897,23:15:32.792,noise,50.8,1
296.973,23:15:35.868,temperature,21.79,1
296.973,23:15:35.868,humidity,70.43,1
297.024,23:15:35.919,noise,52.6,1
300.103,23:15:38.997,temperature,21.78,1
300.103,23:15:38.997,humidity,70.37,1
300.103,23:15:38.997,noise,50.9,1
303.179,23:15:42.074,temperature,21.76,1
303.179,23:15:42.074,humidity,70.27,1
303.179,23:15:42.074,noise,50.9,1
306.257,23:15:45.151,temperature,21.75,1
306.257,23:15:45.151,humidity,70.2,1
306.308,23:15:45.202,noise,48.8,1
309.388,23:15:48.283,temperature,21.73,1
309.388,23:15:48.283,humidity,70.09,1
309.388,23:15:48.283,noise,46.4,1
312.468,23:15:51.363,temperature,21.72,1
312.468,23:15:51.363,humidity,69.98,1
312.468,23:15:51.363,noise,49.7,1
315.546,23:15:54.440,temperature,21.67,1
315.546,23:15:54.440,humidity,69.9,1
315.546,23:15:54.440,noise,47.1,1
318.676,23:15:57.571,temperature,21.65,1
318.676,23:15:57.571,humidity,69.86,1
318.676,23:15:57.571,noise,41.0,1
321.756,23:16:00.650,temperature,21.59,1
321.756,23:16:00.650,humidity,69.74,1
321.756,23:16:00.650,noise,51.8,1
324.833,23:16:03.728,temperature,21.58,1
324.833,23:16:03.728,humidity,69.67,1
324.833,23:16:03.728,noise,48.3,1
327.911,23:16:06.806,temperature,21.58,1
327.962,23:16:06.857,humidity,69.6,1
327.962,23:16:06.857,noise,40.6,1
331.040,23:16:09.935,temperature,21.54,1
331.040,23:16:09.935,humidity,69.54,1
331.040,23:16:09.935,noise,44.9,1
334.120,23:16:13.015,temperature,21.51,1
334.120,23:16:13.015,humidity,69.49,1
334.120,23:16:13.015,noise,47.1,1
337.198,23:16:16.093,temperature,21.48,1
337.198,23:16:16.093,humidity,69.46,1
337.248,23:16:16.143,noise,49.3,1
340.328,23:16:19.223,temperature,21.48,1
340.328,23:16:19.223,humidity,69.39,1
340.328,23:16:19.223,noise,48.7,1
343.408,23:16:22.303,temperature,21.42,1
343.409,23:16:22.303,humidity,69.32,1
343.409,23:16:22.303,noise,51.2,1
346.485,23:16:25.380,temperature,21.43,1
346.485,23:16:25.380,humidity,69.23,1
346.485,23:16:25.380,noise,43.9,1
349.613,23:16:28.508,temperature,21.39,1
349.613,23:16:28.508,humidity,69.17,1
349.613,23:16:28.508,noise,51.4,1
352.693,23:16:31.587,temperature,21.37,1
352.693,23:16:31.587,humidity,69.03,1
352.693,23:16:31.587,noise,48.4,1
355.773,23:16:34.668,temperature,21.36,1
355.773,23:16:34.668,humidity,69.03,1
355.773,23:16:34.668,noise,41.7,1
358.853,23:16:37.748,temperature,21.35,1
358.904,23:16:37.798,humidity,69.02,1
358.904,23:16:37.798,noise,51.2,1
361.984,23:16:40.878,temperature,21.33,1
361.984,23:16:40.879,humidity,68.9,1
361.984,23:16:40.879,noise,50.3,1
365.062,23:16:43.957,temperature,21.32,1
365.062,23:16:43.957,humidity,68.82,1
365.062,23:16:43.957,noise,49.3,1
368.140,23:16:47.035,temperature,21.28,1
368.141,23:16:47.035,humidity,68.75,1
368.141,23:16:47.035,noise,47.0,1
371.272,23:16:50.167,temperature,21.28,1
371.272,23:16:50.167,humidity,68.72,1
371.272,23:16:50.167,noise,48.7,1
374.351,23:16:53.246,temperature,21.26,1
374.351,23:16:53.246,humidity,68.64,1
374.351,23:16:53.246,noise,50.6,1
377.432,23:16:56.326,temperature,21.25,1
377.432,23:16:56.326,humidity,68.6,1
377.432,23:16:56.326,noise,49.5,1
380.511,23:16:59.406,temperature,21.21,1
380.562,23:16:59.457,humidity,68.57,1
380.562,23:16:59.457,noise,46.9,1
383.640,23:17:02.535,temperature,21.2,1
383.640,23:17:02.535,humidity,68.53,1
383.640,23:17:02.535,noise,50.8,1
386.721,23:17:05.616,temperature,21.19,1
386.721,23:17:05.616,humidity,68.43,1
386.721,23:17:05.616,noise,46.0,1
389.799,23:17:08.693,temperature,21.13,1
389.799,23:17:08.693,humidity,68.38,1
389.850,23:17:08.744,noise,49.1,1
392.928,23:17:11.823,temperature,21.14,1
392.928,23:17:11.823,humidity,68.36,1
392.928,23:17:11.823,noise,49.5,1
396.007,23:17:14.901,temperature,21.14,1
396.007,23:17:14.902,humidity,68.3,1
396.007,23:17:14.902,noise,51.4,1
399.085,23:17:17.980,temperature,21.1,1
399.085,23:17:17.980,humidity,68.26,1
399.086,23:17:17.980,noise,49.2,1
402.211,23:17:21.106,temperature,21.1,1
402.211,23:17:21.106,humidity,68.19,1
402.211,23:17:21.106,noise,47.4,1
405.289,23:17:24.184,temperature,21.09,1
405.289,23:17:24.184,humidity,68.18,1
405.289,23:17:24.184,noise,45.4,1
408.368,23:17:27.263,temperature,21.06,1
408.368,23:17:27.263,humidity,68.1,1
408.368,23:17:27.263,noise,49.4,1
411.498,23:17:30.393,temperature,21.04,1
411.498,23:17:30.393,humidity,67.99,1
411.498,23:17:30.393,noise,45.5,1
414.577,23:17:33.471,temperature,21.02,1
414.577,23:17:33.471,humidity,67.96,1
414.577,23:17:33.471,noise,43.8,1
417.656,23:17:36.550,temperature,21.04,1
417.656,23:17:36.550,humidity,67.93,1
417.656,23:17:36.550,noise,48.7,1
420.734,23:17:39.629,temperature,21.02,1
420.785,23:17:39.680,humidity,67.8,1
420.785,23:17:39.680,noise,45.8,1
423.864,23:17:42.758,temperature,21.0,1
423.864,23:17:42.758,humidity,67.69,1
423.864,23:17:42.758,noise,44.2,1
426.943,23:17:45.837,temperature,20.98,1
426.943,23:17:45.837,humidity,67.7,1
426.943,23:17:45.837,noise,51.4,1
430.023,23:17:48.918,temperature,20.96,1
430.023,23:17:48.918,humidity,67.64,1
430.074,23:17:48.969,noise,45.4,1
433.152,23:17:52.047,temperature,20.99,1
433.152,23:17:52.047,humidity,67.52,1
433.152,23:17:52.047,noise,47.5,1
436.232,23:17:55.126,temperature,20.94,1
436.232,23:17:55.126,humidity,67.44,1
436.232,23:17:55.126,noise,48.4,1
439.312,23:17:58.207,temperature,20.91,1
439.312,23:17:58.207,humidity,67.35,1
439.312,23:17:58.207,noise,46.2,1
442.442,23:18:01.337,temperature,20.91,1
442.442,23:18:01.337,humidity,67.37,1
442.442,23:18:01.337,noise,44.6,1
445.520,23:18:04.414,temperature,20.9,1
445.520,23:18:04.414,humidity,67.3,1
445.520,23:18:04.414,noise,44.8,1
448.596,23:18:07.491,temperature,20.9,1
448.596,23:18:07.491,humidity,67.28,1
448.596,23:18:07.491,noise,48.1,1
451.725,23:18:10.620,temperature,20.9,1
451.725,23:18:10.620,humidity,67.28,1
451.725,23:18:10.620,noise,43.5,1
454.801,23:18:13.696,temperature,20.93,1
454.801,23:18:13.696,humidity,67.27,1
454.801,23:18:13.696,noise,49.5,1
457.880,23:18:16.775,temperature,20.92,1
457.880,23:18:16.775,humidity,67.14,1
457.880,23:18:16.775,noise,42.9,1
460.963,23:18:19.857,temperature,20.92,1
460.963,23:18:19.857,humidity,67.11,1
461.013,23:18:19.908,noise,41.8,1
464.093,23:18:22.987,temperature,20.89,1
464.093,23:18:22.988,humidity,66.98,1
464.093,23:18:22.988,noise,43.5,1
467.171,23:18:26.066,temperature,20.88,1
467.171,23:18:26.066,humidity,66.99,1
467.171,23:18:26.066,noise,43.5,1
470.250,23:18:29.145,temperature,20.85,1
470.250,23:18:29.145,humidity,66.9,1
470.250,23:18:29.145,noise,44.5,1
473.379,23:18:32.273,temperature,20.82,1
473.379,23:18:32.274,humidity,66.82,1
473.379,23:18:32.274,noise,48.8,1
476.458,23:18:35.353,temperature,20.82,1
476.458,23:18:35.353,humidity,66.76,1
476.458,23:18:35.353,noise,43.9,1
479.538,23:18:38.433,temperature,20.81,1
479.538,23:18:38.433,humidity,66.69,1
479.539,23:18:38.433,noise,43.1,1
482.618,23:18:41.513,temperature,20.79,1
482.669,23:18:41.563,humidity,66.69,1
482.669,23:18:41.564,noise,41.3,1
485.751,23:18:44.645,temperature,20.77,1
485.751,23:18:44.646,humidity,66.63,1
485.751,23:18:44.646,noise,49.0,1
488.830,23:18:47.725,temperature,20.77,1
488.830,23:18:47.725,humidity,66.51,1
488.830,23:18:47.725,noise,48.6,1
491.909,23:18:50.803,temperature,20.75,1
491.909,23:18:50.803,humidity,66.47,1
491.909,23:18:50.803,noise,47.7,1
495.040,23:18:53.935,temperature,20.74,1
495.040,23:18:53.935,humidity,66.41,1
495.040,23:18:53.935,noise,49.8,1
498.119,23:18:57.014,temperature,20.75,1
498.119,23:18:57.014,humidity,66.4,1
498.119,23:18:57.014,noise,46.1,1
501.201,23:19:00.095,temperature,20.75,1
501.201,23:19:00.095,humidity,66.34,1
501.201,23:19:00.095,noise,45.4,1
504.282,23:19:03.177,temperature,20.72,1
504.282,23:19:03.177,humidity,66.28,1
504.333,23:19:03.228,noise,49.5,1
507.412,23:19:06.307,temperature,20.72,1
507.412,23:19:06.307,humidity,66.22,1
507.412,23:19:06.307,noise,46.9,1
510.495,23:19:09.390,temperature,20.73,1
510.495,23:19:09.390,humidity,66.18,1
510.495,23:19:09.390,noise,50.1,1
513.576,23:19:12.471,temperature,20.71,1
513.576,23:19:12.471,humidity,66.12,1
513.576,23:19:12.471,noise,47.8,1
516.656,23:19:15.550,temperature,20.7,1
516.656,23:19:15.550,humidity,66.02,1
516.706,23:19:15.601,noise,46.7,1
519.783,23:19:18.678,temperature,20.69,1
519.783,23:19:18.678,humidity,65.96,1
519.783,23:19:18.678,noise,49.6,1
522.863,23:19:21.758,temperature,20.71,1
522.863,23:19:21.758,humidity,65.89,1
522.863,23:19:21.758,noise,46.5,1
525.946,23:19:24.841,temperature,20.71,1
525.946,23:19:24.841,humidity,65.82,1
525.946,23:19:24.841,noise,40.6,1
529.077,23:19:27.972,temperature,20.68,1
529.077,23:19:27.972,humidity,65.73,1
529.077,23:19:27.972,noise,42.9,1
532.158,23:19:31.052,temperature,20.65,1
532.158,23:19:31.053,humidity,65.62,1
532.158,23:19:31.053,noise,47.7,1
535.235,23:19:34.130,temperature,20.65,1
535.235,23:19:34.130,humidity,65.63,1
535.235,23:19:34.130,noise,44.9,1
538.312,23:19:37.207,temperature,20.67,1
538.363,23:19:37.258,humidity,65.55,1
538.363,23:19:37.258,noise,41.0,1
541.439,23:19:40.334,temperature,20.65,1
541.439,23:19:40.334,humidity,65.4,1
541.439,23:19:40.334,noise,47.2,1
544.519,23:19:43.414,temperature,20.65,1
544.519,23:19:43.414,humidity,65.39,1
544.519,23:19:43.414,noise,42.0,1
547.597,23:19:46.492,temperature,20.63,1
547.597,23:19:46.492,humidity,65.39,1
547.647,23:19:46.542,noise,49.1,1
550.727,23:19:49.622,temperature,20.64,1
550.727,23:19:49.622,humidity,65.32,1
550.727,23:19:49.622,noise,49.6,1
553.804,23:19:52.699,temperature,20.64,1
553.804,23:19:52.699,humidity,65.24,1
553.804,23:19:52.699,noise,50.4,1
556.884,23:19:55.779,temperature,20.63,1
556.884,23:19:55.779,humidity,65.16,1
556.884,23:19:55.779,noise,41.6,1
560.013,23:19:58.908,temperature,20.61,1
560.013,23:19:58.908,humidity,65.04,1
560.013,23:19:58.908,noise,40.9,1
563.089,23:20:01.984,temperature,20.62,1
563.089,23:20:01.984,humidity,64.95,1
563.089,23:20:01.984,noise,45.4,1
566.169,23:20:05.064,temperature,20.65,1
566.169,23:20:05.064,humidity,64.94,1
566.169,23:20:05.064,noise,44.8,1
569.298,23:20:08.193,temperature,20.65,1
569.298,23:20:08.193,humidity,64.87,1
569.298,23:20:08.193,noise,45.3,1
572.377,23:20:11.272,temperature,20.67,1
572.377,23:20:11.272,humidity,64.86,1
572.377,23:20:11.272,noise,51.3,1
575.453,23:20:14.348,temperature,20.63,1
575.453,23:20:14.348,humidity,64.75,1
575.453,23:20:14.348,noise,47.1,1
578.580,23:20:17.475,temperature,20.62,1
578.580,23:20:17.475,humidity,64.74,1
578.581,23:20:17.475,noise,49.0,1
581.657,23:20:20.552,temperature,24.08,1
581.658,23:20:20.552,humidity,70.15,1
581.658,23:20:20.552,noise,42.9,1
584.735,23:20:23.630,temperature,23.06,1
584.736,23:20:23.630,humidity,67.72,1
584.736,23:20:23.630,noise,51.1,1
587.866,23:20:26.761,temperature,22.67,1
587.866,23:20:26.761,humidity,65.79,1
587.866,23:20:26.761,noise,50.2,1
590.946,23:20:29.841,temperature,22.39,1
590.946,23:20:29.841,humidity,64.37,1
590.946,23:20:29.841,noise,48.5,1
594.023,23:20:32.917,temperature,22.2,1
594.023,23:20:32.917,humidity,63.36,1
594.023,23:20:32.917,noise,45.6,1
597.102,23:20:35.996,temperature,22.06,1
597.153,23:20:36.048,humidity,62.62,1
597.153,23:20:36.048,noise,65.8,1
600.231,23:20:39.126,temperature,21.91,1
600.231,23:20:39.126,humidity,62.14,1
600.231,23:20:39.126,noise,49.2,1
603.309,23:20:42.204,temperature,21.8,1
603.309,23:20:42.204,humidity,61.81,1
603.309,23:20:42.204,noise,46.5,1
606.391,23:20:45.286,temperature,21.71,1
606.391,23:20:45.286,humidity,61.52,1
606.391,23:20:45.286,noise,47.7,1
609.520,23:20:48.415,temperature,21.64,1
609.520,23:20:48.415,humidity,61.36,1
609.520,23:20:48.415,noise,50.8,1
612.600,23:20:51.494,temperature,21.58,1
612.600,23:20:51.494,humidity,61.25,1
612.600,23:20:51.494,noise,49.4,1
615.680,23:20:54.575,temperature,21.53,1
615.680,23:20:54.575,humidity,61.15,1
615.681,23:20:54.575,noise,49.6,1
618.809,23:20:57.704,temperature,21.43,1
618.809,23:20:57.704,humidity,61.02,1
618.809,23:20:57.704,noise,50.9,1
621.890,23:21:00.785,temperature,21.4,1
621.890,23:21:00.785,humidity,60.9,1
621.890,23:21:00.785,noise,50.4,1
624.972,23:21:03.867,temperature,21.37,1
624.972,23:21:03.867,humidity,60.83,1
624.972,23:21:03.867,noise,47.1,1
628.053,23:21:06.947,temperature,21.27,1
628.053,23:21:06.947,humidity,60.73,1
628.053,23:21:06.947,noise,46.9,1
631.182,23:21:10.077,temperature,21.23,1
631.182,23:21:10.077,humidity,60.7,1
631.182,23:21:10.077,noise,51.5,1
634.261,23:21:13.156,temperature,21.18,1
634.261,23:21:13.156,humidity,60.57,1
634.261,23:21:13.156,noise,49.7,1
637.340,23:21:16.235,temperature,21.12,1
637.340,23:21:16.235,humidity,60.52,1
637.340,23:21:16.235,noise,50.5,1
640.420,23:21:19.315,temperature,21.05,1
640.471,23:21:19.365,humidity,60.44,1
640.471,23:21:19.365,noise,50.7,1
643.550,23:21:22.445,temperature,20.99,1
643.550,23:21:22.445,humidity,60.48,1
643.550,23:21:22.445,noise,48.8,1
646.626,23:21:25.521,temperature,20.95,1
646.626,23:21:25.521,humidity,60.53,1
646.626,23:21:25.521,noise,46.6,1
649.703,23:21:28.598,temperature,20.91,1
649.754,23:21:28.649,humidity,60.53,1
649.754,23:21:28.649,noise,41.5,1
652.832,23:21:31.727,temperature,20.85,1
652.832,23:21:31.727,humidity,60.47,1
652.832,23:21:31.727,noise,50.3,1
655.910,23:21:34.805,temperature,20.85,1
655.910,23:21:34.805,humidity,60.5,1
655.910,23:21:34.805,noise,45.9,1
658.988,23:21:37.883,temperature,20.82,1
658.988,23:21:37.883,humidity,60.51,1
659.039,23:21:37.933,noise,49.0,1
662.116,23:21:41.011,temperature,20.77,1
662.116,23:21:41.011,humidity,60.52,1
662.116,23:21:41.011,noise,49.7,1
665.197,23:21:44.091,temperature,20.73,1
665.197,23:21:44.091,humidity,60.48,1
665.197,23:21:44.091,noise,42.3,1
668.276,23:21:47.171,temperature,20.66,1
668.276,23:21:47.171,humidity,60.42,1
668.276,23:21:47.171,noise,49.2,1
671.408,23:21:50.303,temperature,20.66,1
671.408,23:21:50.303,humidity,60.41,1
671.408,23:21:50.303,noise,49.0,1
674.487,23:21:53.382,temperature,20.64,1
674.487,23:21:53.382,humidity,60.41,1
674.487,23:21:53.382,noise,45.4,1
677.564,23:21:56.459,temperature,20.59,1
677.564,23:21:56.459,humidity,60.34,1
677.564,23:21:56.459,noise,75.6,1
680.692,23:21:59.587,temperature,20.54,1
680.692,23:21:59.587,humidity,60.29,1
680.692,23:21:59.587,noise,50.6,1
683.769,23:22:02.664,temperature,20.55,1
683.769,23:22:02.664,humidity,60.25,1
683.770,23:22:02.664,noise,48.1,1
686.848,23:22:05.743,temperature,20.5,1
686.848,23:22:05.743,humidity,60.12,1
686.848,23:22:05.743,noise,42.9,1
689.927,23:22:08.822,temperature,20.46,1
689.928,23:22:08.822,humidity,59.99,1
689.978,23:22:08.873,noise,47.2,1
693.058,23:22:11.953,temperature,20.4,1
693.058,23:22:11.953,humidity,59.91,1
693.058,23:22:11.953,noise,48.7,1
696.135,23:22:15.030,temperature,20.34,1
696.135,23:22:15.030,humidity,59.87,1
696.135,23:22:15.030,noise,52.0,1
699.215,23:22:18.110,temperature,20.31,1
699.215,23:22:18.110,humidity,59.78,1
699.215,23:22:18.110,noise,46.7,1
702.344,23:22:21.239,temperature,20.26,1
702.344,23:22:21.239,humidity,59.77,1
702.344,23:22:21.239,noise,46.0,1
705.424,23:22:24.319,temperature,20.2,1
705.424,23:22:24.319,humidity,59.71,1
705.424,23:22:24.319,noise,42.2,1
708.501,23:22:27.396,temperature,20.18,1
708.502,23:22:27.396,humidity,59.61,1
708.502,23:22:27.396,noise,44.5,1
711.631,23:22:30.525,temperature,20.12,1
711.631,23:22:30.525,humidity,59.56,1
711.631,23:22:30.525,noise,47.0,1
714.708,23:22:33.603,temperature,20.1,1
714.708,23:22:33.603,humidity,59.58,1
714.708,23:22:33.603,noise,45.3,1
717.787,23:22:36.682,temperature,20.08,1
717.787,23:22:36.682,humidity,59.57,1
717.787,23:22:36.682,noise,43.0,1
720.871,23:22:39.765,temperature,20.04,1
720.871,23:22:39.765,humidity,59.48,1
720.921,23:22:39.816,noise,49.6,1
724.003,23:22:42.898,temperature,20.02,1
724.003,23:22:42.898,humidity,59.47,1
724.003,23:22:42.898,noise,45.9,1
727.082,23:22:45.976,temperature,19.97,1
727.082,23:22:45.977,humidity,59.41,1
727.082,23:22:45.977,noise,43.2,1
730.160,23:22:49.055,temperature,19.95,1
730.160,23:22:49.055,humidity,59.36,1
730.160,23:22:49.055,noise,44.9,1
733.289,23:22:52.183,temperature,19.89,1
733.289,23:22:52.184,humidity,59.23,1
733.289,23:22:52.184,noise,52.3,1
736.368,23:22:55.263,temperature,19.86,1
736.368,23:22:55.263,humidity,59.19,1
736.368,23:22:55.263,noise,47.2,1
739.449,23:22:58.344,temperature,19.85,1
739.449,23:22:58.344,humidity,59.08,1
739.449,23:22:58.344,noise,49.3,1
742.530,23:23:01.425,temperature,19.8,1
742.530,23:23:01.425,humidity,59.07,1
742.581,23:23:01.476,noise,48.9,1
745.661,23:23:04.556,temperature,19.77,1
745.661,23:23:04.556,humidity,59.0,1
745.661,23:23:04.556,noise,44.4,1
748.739,23:23:07.634,temperature,19.77,1
748.739,23:23:07.634,humidity,58.93,1
748.739,23:23:07.634,noise,44.2,1
751.818,23:23:10.713,temperature,19.74,1
751.818,23:23:10.713,humidity,58.94,1
751.818,23:23:10.713,noise,46.7,1
754.946,23:23:13.841,temperature,19.73,1
754.946,23:23:13.841,humidity,58.91,1
754.946,23:23:13.841,noise,43.6,1
758.024,23:23:16.918,temperature,19.71,1
758.024,23:23:16.919,humidity,58.77,1
758.024,23:23:16.919,noise,46.5,1
761.103,23:23:19.998,temperature,19.67,1
761.103,23:23:19.998,humidity,58.7,1
761.103,23:23:19.998,noise,45.8,1
764.232,23:23:23.126,temperature,19.66,1
764.232,23:23:23.126,humidity,58.62,1
764.232,23:23:23.126,noise,46.3,1
767.309,23:23:26.203,temperature,19.63,1
767.309,23:23:26.203,humidity,58.57,1
767.309,23:23:26.203,noise,47.2,1
770.389,23:23:29.284,temperature,19.6,1
770.390,23:23:29.284,humidity,58.44,1
770.390,23:23:29.284,noise,49.1,1
773.515,23:23:32.410,temperature,19.54,1
773.515,23:23:32.410,humidity,58.31,1
773.515,23:23:32.410,noise,42.0,1
776.594,23:23:35.489,temperature,19.53,1
776.594,23:23:35.489,humidity,58.22,1
776.595,23:23:35.489,noise,46.0,1
779.676,23:23:38.571,temperature,19.51,1
779.676,23:23:38.571,humidity,58.08,1
779.676,23:23:38.571,noise,40.9,1
782.759,23:23:41.654,temperature,19.46,1
782.759,23:23:41.654,humidity,57.97,1
782.759,23:23:41.654,noise,44.9,1
785.889,23:23:44.783,temperature,19.49,1
785.889,23:23:44.783,humidity,58.02,1
785.889,23:23:44.783,noise,46.8,1
788.963,23:23:47.857,temperature,19.48,1
788.963,23:23:47.858,humidity,57.92,1
788.963,23:23:47.858,noise,43.0,1
792.041,23:23:50.936,temperature,19.47,1
792.041,23:23:50.936,humidity,57.84,1
792.041,23:23:50.936,noise,47.7,1
795.173,23:23:54.068,temperature,19.53,1
795.173,23:23:54.068,humidity,57.79,1
795.173,23:23:54.068,noise,41.8,1
798.255,23:23:57.149,temperature,19.45,1
798.255,23:23:57.149,humidity,57.65,1
798.255,23:23:57.150,noise,48.2,1
801.336,23:24:00.231,temperature,19.45,1
801.336,23:24:00.231,humidity,57.55,1
801.336,23:24:00.231,noise,48.3,1
804.417,23:24:03.312,temperature,19.43,1
804.417,23:24:03.312,humidity,57.42,1
804.417,23:24:03.312,noise,50.3,1
807.543,23:24:06.438,temperature,19.39,1
807.543,23:24:06.438,humidity,57.31,1
807.543,23:24:06.438,noise,47.3,1
810.622,23:24:09.517,temperature,19.34,1
810.622,23:24:09.517,humidity,57.18,1
810.622,23:24:09.517,noise,44.4,1
813.704,23:24:12.599,temperature,19.3,1
813.704,23:24:12.599,humidity,57.05,1
813.704,23:24:12.599,noise,50.0,1
816.835,23:24:15.730,temperature,19.26,1
816.835,23:24:15.730,humidity,56.97,1
816.835,23:24:15.730,noise,47.2,1
819.916,23:24:18.811,temperature,19.22,1
819.916,23:24:18.811,humidity,56.9,1
819.916,23:24:18.811,noise,50.3,1
822.993,23:24:21.888,temperature,19.24,1
822.993,23:24:21.888,humidity,56.87,1
822.993,23:24:21.888,noise,46.1,1
826.074,23:24:24.968,temperature,19.22,1
826.074,23:24:24.968,humidity,56.85,1
826.125,23:24:25.019,noise,53.2,1
829.202,23:24:28.096,temperature,19.19,1
829.202,23:24:28.096,humidity,56.91,1
829.202,23:24:28.096,noise,53.8,1
832.280,23:24:31.175,temperature,19.23,1
832.280,23:24:31.175,humidity,56.97,1
832.280,23:24:31.175,noise,51.4,1
835.359,23:24:34.253,temperature,19.22,1
835.359,23:24:34.253,humidity,57.08,1
835.359,23:24:34.253,noise,49.9,1
838.486,23:24:37.381,temperature,19.2,1
838.486,23:24:37.381,humidity,57.26,1
838.486,23:24:37.381,noise,40.7,1
841.564,23:24:40.459,temperature,19.21,1
841.564,23:24:40.459,humidity,57.41,1
841.564,23:24:40.459,noise,52.8,1
844.643,23:24:43.538,temperature,19.2,1
844.643,23:24:43.538,humidity,57.59,1
844.643,23:24:43.538,noise,51.5,1
847.770,23:24:46.665,temperature,19.21,1
847.770,23:24:46.665,humidity,57.84,1
847.770,23:24:46.665,noise,42.9,1
850.853,23:24:49.747,temperature,19.22,1
850.853,23:24:49.748,humidity,57.98,1
850.853,23:24:49.748,noise,47.3,1
853.932,23:24:52.827,temperature,19.23,1
853.933,23:24:52.827,humidity,58.24,1
853.933,23:24:52.827,noise,45.4,1
857.010,23:24:55.905,temperature,19.22,1
857.060,23:24:55.955,humidity,58.5,1
857.060,23:24:55.955,noise,47.7,1
860.140,23:24:59.034,temperature,19.27,1
860.140,23:24:59.034,humidity,58.71,1
860.140,23:24:59.034,noise,51.0,1
863.218,23:25:02.113,temperature,19.29,1
863.218,23:25:02.113,humidity,58.87,1
863.218,23:25:02.113,noise,53.9,1
866.296,23:25:05.190,temperature,19.3,1
866.296,23:25:05.190,humidity,59.0,1
866.346,23:25:05.241,noise,46.8,1
869.425,23:25:08.320,temperature,19.32,1
869.425,23:25:08.320,humidity,59.21,1
869.425,23:25:08.320,noise,44.3,1
872.504,23:25:11.399,temperature,19.33,1
872.504,23:25:11.399,humidity,59.42,1
872.504,23:25:11.399,noise,46.3,1
875.583,23:25:14.478,temperature,19.35,1
875.583,23:25:14.478,humidity,59.57,1
875.583,23:25:14.478,noise,48.1,1
878.712,23:25:17.607,temperature,19.38,1
878.712,23:25:17.607,humidity,59.74,1
878.712,23:25:17.607,noise,52.2,1
881.790,23:25:20.685,temperature,19.37,1
881.790,23:25:20.685,humidity,60.03,1
881.790,23:25:20.685,noise,50.4,1
884.870,23:25:23.764,temperature,19.37,1
884.870,23:25:23.764,humidity,60.23,1
884.870,23:25:23.764,noise,51.3,1
888.000,23:25:26.894,temperature,19.38,1
888.000,23:25:26.894,humidity,60.45,1
888.000,23:25:26.894,noise,51.9,1
891.080,23:25:29.974,temperature,19.43,1
891.080,23:25:29.974,humidity,60.57,1
891.080,23:25:29.974,noise,49.6,1
894.157,23:25:33.051,temperature,19.45,1
894.157,23:25:33.052,humidity,60.8,1
894.157,23:25:33.052,noise,51.3,1
897.238,23:25:36.133,temperature,19.48,1
897.238,23:25:36.133,humidity,60.98,1
897.288,23:25:36.183,noise,45.7,1
900.367,23:25:39.262,temperature,19.48,1
900.367,23:25:39.262,humidity,61.08,1
900.367,23:25:39.262,noise,42.7,1
903.445,23:25:42.340,temperature,19.52,1
903.445,23:25:42.340,humidity,61.19,1
903.445,23:25:42.340,noise,45.4,1
906.524,23:25:45.419,temperature,19.55,1
906.524,23:25:45.419,humidity,61.28,1
906.524,23:25:45.419,noise,46.4,1
909.655,23:25:48.549,temperature,19.56,1
909.655,23:25:48.550,humidity,61.4,1
909.655,23:25:48.550,noise,44.6,1
912.733,23:25:51.628,temperature,19.58,1
912.733,23:25:51.628,humidity,61.5,1
912.733,23:25:51.628,noise,41.8,1
915.811,23:25:54.706,temperature,19.61,1
915.811,23:25:54.706,humidity,61.56,1
915.811,23:25:54.706,noise,49.0,1
918.894,23:25:57.789,temperature,19.63,1
918.944,23:25:57.839,humidity,61.67,1
918.945,23:25:57.839,noise,41.2,1
922.023,23:26:00.918,temperature,19.65,1
922.023,23:26:00.918,humidity,61.74,1
922.023,23:26:00.918,noise,43.7,1
925.102,23:26:03.997,temperature,19.65,1
925.102,23:26:03.997,humidity,61.88,1
925.102,23:26:03.997,noise,41.3,1
928.182,23:26:07.076,temperature,19.69,1
928.182,23:26:07.076,humidity,62.03,1
928.232,23:26:07.127,noise,48.7,1
931.312,23:26:10.207,temperature,19.72,1
931.312,23:26:10.207,humidity,62.2,1
931.312,23:26:10.207,noise,44.5,1
934.392,23:26:13.287,temperature,19.75,1
934.392,23:26:13.287,humidity,62.29,1
934.392,23:26:13.287,noise,50.1,1
937.472,23:26:16.367,temperature,19.78,1
937.472,23:26:16.367,humidity,62.41,1
937.472,23:26:16.367,noise,43.9,1
940.552,23:26:19.446,temperature,19.81,1
940.602,23:26:19.497,humidity,62.53,1
940.602,23:26:19.497,noise,44.9,1
943.682,23:26:22.577,temperature,19.84,1
943.682,23:26:22.577,humidity,62.62,1
943.682,23:26:22.577,noise,48.6,1
946.762,23:26:25.657,temperature,19.85,1
946.762,23:26:25.657,humidity,62.7,1
946.762,23:26:25.657,noise,50.2,1
949.842,23:26:28.737,temperature,19.88,1
949.842,23:26:28.737,humidity,62.79,1
949.842,23:26:28.737,noise,43.4,1
952.972,23:26:31.867,temperature,19.9,1
952.972,23:26:31.867,humidity,62.84,1
952.972,23:26:31.867,noise,48.5,1
956.053,23:26:34.947,temperature,19.9,1
956.053,23:26:34.947,humidity,62.99,1
956.053,23:26:34.947,noise,49.5,1
959.131,23:26:38.025,temperature,19.92,1
959.131,23:26:38.025,humidity,63.11,1
959.131,23:26:38.025,noise,46.7,1
962.260,23:26:41.155,temperature,19.94,1
962.260,23:26:41.155,humidity,63.26,1
962.260,23:26:41.155,noise,48.3,1
965.339,23:26:44.234,temperature,19.96,1
965.339,23:26:44.234,humidity,63.37,1
965.339,23:26:44.234,noise,45.4,1
968.417,23:26:47.312,temperature,19.98,1
968.417,23:26:47.312,humidity,63.44,1
968.417,23:26:47.312,noise,48.1,1
971.495,23:26:50.389,temperature,20.01,1
971.545,23:26:50.440,humidity,63.57,1
971.546,23:26:50.440,noise,49.6,1
974.624,23:26:53.519,temperature,20.03,1
974.624,23:26:53.519,humidity,63.71,1
974.624,23:26:53.519,noise,48.9,1
977.702,23:26:56.597,temperature,20.04,1
977.702,23:26:56.597,humidity,63.86,1
977.702,23:26:56.597,noise,45.9,1
980.778,23:26:59.673,temperature,20.05,1
980.778,23:26:59.673,humidity,63.94,1
980.829,23:26:59.724,noise,44.6,1
983.906,23:27:02.801,temperature,20.09,1
983.906,23:27:02.801,humidity,64.02,1
983.906,23:27:02.801,noise,42.7,1
986.984,23:27:05.879,temperature,20.12,1
986.984,23:27:05.879,humidity,64.13,1
986.984,23:27:05.879,noise,49.5,1
990.062,23:27:08.957,temperature,20.11,1
990.063,23:27:08.957,humidity,64.22,1
990.113,23:27:09.008,noise,49.4,1
993.189,23:27:12.084,temperature,20.17,1
993.189,23:27:12.084,humidity,64.33,1
993.189,23:27:12.084,noise,47.1,1
996.268,23:27:15.163,temperature,20.17,1
996.268,23:27:15.163,humidity,64.38,1
996.268,23:27:15.163,noise,47.9,1
999.346,23:27:18.241,temperature,20.18,1
999.346,23:27:18.241,humidity,64.46,1
999.397,23:27:18.292,noise,47.0,1
1002.476,23:27:21.371,temperature,20.21,1
1002.476,23:27:21.371,humidity,64.56,1
1002.476,23:27:21.371,noise,43.4,1
1005.552,23:27:24.447,temperature,20.25,1
1005.552,23:27:24.447,humidity,64.69,1
1005.552,23:27:24.447,noise,41.4,1
1008.629,23:27:27.524,temperature,20.24,1
1008.629,23:27:27.524,humidity,64.75,1
1008.680,23:27:27.575,noise,40.4,1
1011.760,23:27:30.655,temperature,20.28,1
1011.760,23:27:30.655,humidity,64.83,1
1011.760,23:27:30.655,noise,40.3,1
1014.841,23:27:33.736,temperature,20.3,1
1014.841,23:27:33.736,humidity,64.94,1
1014.841,23:27:33.736,noise,43.7,1
1017.921,23:27:36.815,temperature,20.32,1
1017.921,23:27:36.815,humidity,65.06,1
1017.921,23:27:36.815,noise,41.6,1
1021.049,23:27:39.944,temperature,20.36,1
1021.049,23:27:39.944,humidity,65.11,1
1021.049,23:27:39.944,noise,40.3,1
1024.125,23:27:43.020,temperature,20.35,1
1024.125,23:27:43.020,humidity,65.16,1
1024.125,23:27:43.020,noise,40.6,1
1027.204,23:27:46.099,temperature,20.39,1
1027.204,23:27:46.099,humidity,65.3,1
1027.204,23:27:46.099,noise,40.2,1
1030.332,23:27:49.227,temperature,20.44,1
1030.332,23:27:49.227,humidity,65.39,1
1030.332,23:27:49.227,noise,40.3,1
1033.410,23:27:52.305,temperature,20.45,1
1033.410,23:27:52.305,humidity,65.48,1
1033.410,23:27:52.305,noise,40.3,1
1036.489,23:27:55.384,temperature,20.44,1
1036.489,23:27:55.384,humidity,65.63,1
1036.489,23:27:55.384,noise,41.6,1
1039.566,23:27:58.461,temperature,20.48,1
1039.617,23:27:58.511,humidity,65.75,1
1039.617,23:27:58.512,noise,41.7,1
1042.695,23:28:01.590,temperature,20.49,1
1042.695,23:28:01.590,humidity,65.83,1
1042.695,23:28:01.590,noise,41.5,1
1045.775,23:28:04.670,temperature,20.52,1
1045.775,23:28:04.670,humidity,65.92,1
1045.775,23:28:04.670,noise,40.4,1
1048.855,23:28:07.750,temperature,20.53,1
1048.855,23:28:07.750,humidity,65.97,1
1048.855,23:28:07.750,noise,40.1,1
1051.984,23:28:10.879,temperature,20.55,1
1051.984,23:28:10.879,humidity,66.02,1
1051.984,23:28:10.879,noise,42.7,1
1055.062,23:28:13.957,temperature,20.56,1
1055.062,23:28:13.957,humidity,66.13,1
1055.062,23:28:13.957,noise,44.1,1
1058.138,23:28:17.033,temperature,20.58,1
1058.138,23:28:17.033,humidity,66.22,1
1058.138,23:28:17.033,noise,40.2,1
1061.268,23:28:20.162,temperature,20.59,1
1061.268,23:28:20.163,humidity,66.29,1
1061.268,23:28:20.163,noise,42.7,1
1064.347,23:28:23.242,temperature,20.62,1
1064.347,23:28:23.242,humidity,66.35,1
1064.347,23:28:23.242,noise,46.2,1
1067.426,23:28:26.321,temperature,20.63,1
1067.426,23:28:26.321,humidity,66.47,1
1067.426,23:28:26.321,noise,41.7,1
1070.506,23:28:29.401,temperature,20.66,1
1070.557,23:28:29.452,humidity,66.53,1
1070.557,23:28:29.452,noise,41.1,1
1073.635,23:28:32.529,temperature,20.68,1
1073.635,23:28:32.529,humidity,66.64,1
1073.635,23:28:32.529,noise,41.4,1
1076.711,23:28:35.605,temperature,20.73,1
1076.711,23:28:35.605,humidity,66.72,1
1076.711,23:28:35.605,noise,41.5,1
1079.789,23:28:38.684,temperature,20.73,1
1079.840,23:28:38.735,humidity,66.86,1
1079.840,23:28:38.735,noise,57.7,1
1082.920,23:28:41.815,temperature,20.75,1
1082.920,23:28:41.815,humidity,66.95,1
1082.920,23:28:41.815,noise,44.6,1
1086.001,23:28:44.896,temperature,20.77,1
1086.001,23:28:44.896,humidity,67.0,1
1086.001,23:28:44.896,noise,46.9,1
1089.082,23:28:47.977,temperature,20.76,1
1089.082,23:28:47.977,humidity,67.16,1
1089.083,23:28:47.977,noise,49.5,1
1092.211,23:28:51.105,temperature,20.8,1
1092.211,23:28:51.105,humidity,67.28,1
1092.211,23:28:51.105,noise,50.4,1
1095.290,23:28:54.185,temperature,20.81,1
1095.290,23:28:54.185,humidity,67.37,1
1095.290,23:28:54.185,noise,42.8,1
1098.368,23:28:57.263,temperature,20.82,1
1098.368,23:28:57.263,humidity,67.39,1
1098.368,23:28:57.263,noise,49.8,1
1101.498,23:29:00.392,temperature,20.84,1
1101.498,23:29:00.392,humidity,67.46,1
1101.498,23:29:00.392,noise,45.8,1
1104.574,23:29:03.469,temperature,20.86,1
1104.574,23:29:03.469,humidity,67.56,1
1104.574,23:29:03.469,noise,43.1,1
1107.653,23:29:06.548,temperature,20.88,1
1107.653,23:29:06.548,humidity,67.62,1
1107.653,23:29:06.548,noise,50.6,1
1110.731,23:29:09.626,temperature,20.87,1
1110.782,23:29:09.676,humidity,67.71,1
1110.782,23:29:09.676,noise,49.8,1
1113.861,23:29:12.756,temperature,20.9,1
1113.861,23:29:12.756,humidity,67.85,1
1113.861,23:29:12.756,noise,50.9,1
1116.944,23:29:15.839,temperature,20.91,1
1116.944,23:29:15.839,humidity,67.96,1
1116.944,23:29:15.839,noise,45.7,1
1120.023,23:29:18.918,temperature,20.93,1
1120.023,23:29:18.918,humidity,68.06,1
1120.023,23:29:18.918,noise,49.9,1
1123.155,23:29:22.049,temperature,20.94,1
1123.155,23:29:22.049,humidity,68.18,1
1123.155,23:29:22.049,noise,48.7,1
1126.232,23:29:25.127,temperature,20.96,1
1126.232,23:29:25.127,humidity,68.31,1
1126.232,23:29:25.127,noise,45.7,1
1129.312,23:29:28.206,temperature,20.94,1
1129.312,23:29:28.206,humidity,68.34,1
1129.312,23:29:28.206,noise,50.8,1
1132.391,23:29:31.286,temperature,21.0,1
1132.441,23:29:31.336,humidity,68.48,1
1132.441,23:29:31.336,noise,47.3,1
1135.521,23:29:34.415,temperature,20.99,1
1135.521,23:29:34.415,humidity,68.57,1
1135.521,23:29:34.415,noise,49.3,1
1138.597,23:29:37.492,temperature,21.0,1
1138.597,23:29:37.492,humidity,68.62,1
1138.597,23:29:37.492,noise,48.5,1
1141.678,23:29:40.572,temperature,21.0,1
1141.678,23:29:40.572,humidity,68.71,1
1141.728,23:29:40.623,noise,44.2,1
1144.808,23:29:43.703,temperature,21.01,1
1144.808,23:29:43.703,humidity,68.79,1
1144.808,23:29:43.703,noise,47.9,1
1147.888,23:29:46.783,temperature,21.02,1
1147.888,23:29:46.783,humidity,68.88,1
1147.888,23:29:46.783,noise,44.6,1
1150.971,23:29:49.865,temperature,21.04,1
1150.971,23:29:49.865,humidity,68.96,1
1150.971,23:29:49.865,noise,40.4,1
1154.052,23:29:52.947,temperature,21.04,1
1154.052,23:29:52.947,humidity,69.04,1
1154.103,23:29:52.998,noise,43.6,1
1157.180,23:29:56.075,temperature,21.06,1
1157.180,23:29:56.075,humidity,69.12,1
1157.180,23:29:56.075,noise,48.5,1
1160.257,23:29:59.152,temperature,21.06,1
1160.257,23:29:59.152,humidity,69.22,1
1160.257,23:29:59.152,noise,46.1,1
1163.334,23:30:02.229,temperature,21.09,1
1163.334,23:30:02.229,humidity,69.29,1
1163.385,23:30:02.280,noise,43.2,1
1166.463,23:30:05.358,temperature,21.12,1
1166.463,23:30:05.358,humidity,69.35,1
1166.463,23:30:05.358,noise,40.4,1
1169.541,23:30:08.436,temperature,21.14,1
1169.541,23:30:08.436,humidity,69.39,1
1169.541,23:30:08.436,noise,40.2,1
1172.621,23:30:11.515,temperature,21.13,1
1172.621,23:30:11.516,humidity,69.41,1
1172.671,23:30:11.566,noise,40.5,1
1175.753,23:30:14.648,temperature,21.18,1
1175.753,23:30:14.648,humidity,69.49,1
1175.753,23:30:14.648,noise,40.2,1
1178.831,23:30:17.726,temperature,21.19,1
1178.831,23:30:17.726,humidity,69.57,1
1178.831,23:30:17.726,noise,40.3,1
1181.910,23:30:20.805,temperature,21.22,1
1181.910,23:30:20.805,humidity,69.6,1
1181.910,23:30:20.805,noise,40.3,1
1185.040,23:30:23.935,temperature,21.24,1
1185.040,23:30:23.935,humidity,69.67,1
1185.040,23:30:23.935,noise,42.1,1
1188.119,23:30:27.013,temperature,21.22,1
1188.119,23:30:27.014,humidity,69.73,1
1188.119,23:30:27.014,noise,44.8,1
1191.199,23:30:30.094,temperature,21.22,1
1191.199,23:30:30.094,humidity,69.81,1
1191.199,23:30:30.094,noise,51.9,1
1194.275,23:30:33.169,temperature,21.23,1
1194.325,23:30:33.220,humidity,69.92,1
1194.325,23:30:33.220,noise,43.2,1
1197.407,23:30:36.301,temperature,21.23,1
1197.407,23:30:36.302,humidity,70.0,1
1197.407,23:30:36.302,noise,43.2,1
1200.485,23:30:39.380,temperature,21.26,1
1200.485,23:30:39.380,humidity,70.08,1
1200.485,23:30:39.380,noise,41.5,1
1203.564,23:30:42.459,temperature,21.27,1
1203.564,23:30:42.459,humidity,70.23,1
1203.564,23:30:42.459,noise,41.8,1
1206.694,23:30:45.588,temperature,21.28,1
1206.694,23:30:45.589,humidity,70.28,1
1206.694,23:30:45.589,noise,42.6,1
1209.772,23:30:48.666,temperature,21.3,1
1209.772,23:30:48.666,humidity,70.34,1
1209.772,23:30:48.666,noise,41.0,1
1212.848,23:30:51.742,temperature,21.29,1
1212.848,23:30:51.743,humidity,70.42,1
1212.848,23:30:51.743,noise,42.5,1
1215.980,23:30:54.875,temperature,21.31,1
1215.980,23:30:54.875,humidity,70.5,1
1215.980,23:30:54.875,noise,42.1,1
1219.059,23:30:57.954,temperature,21.34,1
1219.059,23:30:57.954,humidity,70.52,1
1219.059,23:30:57.954,noise,41.4,1
1222.139,23:31:01.034,temperature,21.36,1
1222.139,23:31:01.034,humidity,70.58,1
1222.139,23:31:01.034,noise,41.1,1
1225.219,23:31:04.113,temperature,21.37,1
1225.219,23:31:04.113,humidity,70.65,1
1225.269,23:31:04.164,noise,41.5,1
1228.347,23:31:07.242,temperature,21.39,1
1228.347,23:31:07.242,humidity,70.64,1
1228.347,23:31:07.242,noise,41.2,1
1231.423,23:31:10.317,temperature,21.4,1
1231.423,23:31:10.318,humidity,70.75,1
1231.423,23:31:10.318,noise,42.4,1
1234.503,23:31:13.397,temperature,21.41,1
1234.503,23:31:13.398,humidity,70.8,1
1234.553,23:31:13.448,noise,42.4,1
1237.633,23:31:16.528,temperature,21.43,1
1237.633,23:31:16.528,humidity,70.77,1
1237.633,23:31:16.528,noise,42.0,1
1240.709,23:31:19.604,temperature,21.44,1
1240.709,23:31:19.604,humidity,70.83,1
1240.709,23:31:19.604,noise,42.6,1
1243.786,23:31:22.681,temperature,21.45,1
1243.786,23:31:22.681,humidity,70.88,1
1243.837,23:31:22.731,noise,40.4,1
1246.912,23:31:25.806,temperature,21.47,1
1246.912,23:31:25.806,humidity,70.97,1
1246.912,23:31:25.806,noise,46.8,1
1249.989,23:31:28.883,temperature,21.46,1
1249.989,23:31:28.883,humidity,71.0,1
1249.989,23:31:28.883,noise,47.2,1
1253.068,23:31:31.963,temperature,21.46,1
1253.068,23:31:31.963,humidity,71.03,1
1253.119,23:31:32.013,noise,44.5,1
1256.200,23:31:35.095,temperature,21.48,1
1256.200,23:31:35.095,humidity,71.1,1
1256.200,23:31:35.095,noise,48.5,1
1259.281,23:31:38.176,temperature,21.49,1
1259.281,23:31:38.176,humidity,71.19,1
1259.281,23:31:38.176,noise,43.8,1
1262.357,23:31:41.252,temperature,21.49,1
1262.357,23:31:41.252,humidity,71.21,1
1262.357,23:31:41.252,noise,40.8,1
1265.486,23:31:44.381,temperature,21.5,1
1265.486,23:31:44.381,humidity,71.24,1
1265.486,23:31:44.381,noise,40.7,1
1268.566,23:31:47.461,temperature,21.53,1
1268.566,23:31:47.461,humidity,71.29,1
1268.566,23:31:47.461,noise,42.1,1
1271.645,23:31:50.540,temperature,21.55,1
1271.645,23:31:50.540,humidity,71.33,1
1271.645,23:31:50.540,noise,46.7,1
1274.725,23:31:53.620,temperature,21.54,1
1274.725,23:31:53.620,humidity,71.42,1
1274.776,23:31:53.671,noise,44.2,1
1277.854,23:31:56.749,temperature,21.57,1
1277.854,23:31:56.749,humidity,71.48,1
1277.854,23:31:56.749,noise,42.1,1
1280.933,23:31:59.828,temperature,21.56,1
1280.933,23:31:59.828,humidity,71.52,1
1280.933,23:31:59.828,noise,46.3,1
1284.010,23:32:02.905,temperature,21.57,1
1284.010,23:32:02.905,humidity,71.54,1
1284.061,23:32:02.956,noise,42.7,1
1287.143,23:32:06.038,temperature,21.6,1
1287.143,23:32:06.038,humidity,71.52,1
1287.144,23:32:06.038,noise,48.1,1
1290.226,23:32:09.121,temperature,21.61,1
1290.226,23:32:09.121,humidity,71.53,1
1290.226,23:32:09.121,noise,42.7,1
1293.306,23:32:12.201,temperature,21.62,1
1293.306,23:32:12.201,humidity,71.56,1
1293.306,23:32:12.201,noise,44.1,1
1296.387,23:32:15.282,temperature,21.66,1
1296.387,23:32:15.282,humidity,71.59,1
1296.387,23:32:15.282,noise,46.4,1
1299.518,23:32:18.413,temperature,21.65,1
1299.518,23:32:18.413,humidity,71.64,1
1299.518,23:32:18.413,noise,49.5,1
1302.601,23:32:21.496,temperature,21.67,1
1302.601,23:32:21.496,humidity,71.67,1
1302.601,23:32:21.496,noise,43.5,1
1305.682,23:32:24.577,temperature,21.66,1
1305.683,23:32:24.577,humidity,71.71,1
1305.683,23:32:24.577,noise,40.9,1
1308.765,23:32:27.660,temperature,21.7,1
1308.766,23:32:27.660,humidity,71.77,1
1308.766,23:32:27.660,noise,41.8,1
1311.894,23:32:30.789,temperature,21.71,1
1311.894,23:32:30.789,humidity,71.83,1
1311.894,23:32:30.789,noise,43.5,1
1314.973,23:32:33.868,temperature,21.69,1
1314.974,23:32:33.868,humidity,71.95,1
1314.974,23:32:33.868,noise,45.0,1
1318.055,23:32:36.950,temperature,21.71,1
1318.055,23:32:36.950,humidity,72.02,1
1318.055,23:32:36.950,noise,44.8,1
1321.133,23:32:40.028,temperature,21.69,1
1321.184,23:32:40.079,humidity,72.03,1
1321.184,23:32:40.079,noise,41.5,1
1324.267,23:32:43.161,temperature,21.72,1
1324.267,23:32:43.161,humidity,72.09,1
1324.267,23:32:43.161,noise,42.1,1
1327.347,23:32:46.241,temperature,21.73,1
1327.347,23:32:46.241,humidity,72.15,1
1327.347,23:32:46.241,noise,41.8,1
1330.429,23:32:49.324,temperature,21.72,1
1330.429,23:32:49.324,humidity,72.17,1
1330.429,23:32:49.324,noise,41.0,1
1333.511,23:32:52.406,temperature,21.74,1
1333.562,23:32:52.456,humidity,72.25,1
1333.562,23:32:52.457,noise,41.3,1
1336.642,23:32:55.537,temperature,21.75,1
1336.642,23:32:55.537,humidity,72.22,1
1336.642,23:32:55.537,noise,40.6,1
1339.724,23:32:58.618,temperature,21.75,1
1339.724,23:32:58.618,humidity,72.24,1
1339.724,23:32:58.618,noise,43.4,1
1342.805,23:33:01.700,temperature,21.76,1
1342.805,23:33:01.700,humidity,72.23,1
1342.805,23:33:01.700,noise,43.6,1
1345.887,23:33:04.782,temperature,21.79,1
1345.938,23:33:04.833,humidity,72.28,1
1345.938,23:33:04.833,noise,43.7,1
1349.020,23:33:07.915,temperature,21.77,1
1349.020,23:33:07.915,humidity,72.27,1
1349.020,23:33:07.915,noise,42.3,1
1352.104,23:33:10.998,temperature,21.81,1
1352.104,23:33:10.998,humidity,72.32,1
1352.104,23:33:10.998,noise,43.8,1
1355.184,23:33:14.079,temperature,21.8,1
1355.184,23:33:14.079,humidity,72.38,1
1355.184,23:33:14.079,noise,41.8,1
1358.266,23:33:17.160,temperature,21.79,1
1358.266,23:33:17.160,humidity,72.41,1
1358.316,23:33:17.211,noise,41.9,1
1361.398,23:33:20.292,temperature,21.8,1
1361.398,23:33:20.292,humidity,72.46,1
1361.398,23:33:20.292,noise,41.6,1
1364.480,23:33:23.375,temperature,21.81,1
1364.480,23:33:23.375,humidity,72.45,1
1364.480,23:33:23.375,noise,40.4,1
1367.562,23:33:26.457,temperature,21.83,1
1367.562,23:33:26.457,humidity,72.44,1
1367.562,23:33:26.457,noise,41.0,1
1370.643,23:33:29.537,temperature,21.85,1
1370.643,23:33:29.537,humidity,72.51,1
1370.694,23:33:29.588,noise,43.1,1
1373.774,23:33:32.669,temperature,21.87,1
1373.774,23:33:32.669,humidity,72.51,1
1373.774,23:33:32.669,noise,46.6,1
1376.856,23:33:35.750,temperature,21.86,1
1376.856,23:33:35.750,humidity,72.59,1
1376.856,23:33:35.750,noise,40.1,1
1379.935,23:33:38.830,temperature,21.89,1
1379.935,23:33:38.830,humidity,72.61,1
1379.935,23:33:38.830,noise,40.5,1
1383.065,23:33:41.960,temperature,21.89,1
1383.065,23:33:41.960,humidity,72.64,1
1383.065,23:33:41.960,noise,48.9,1
1386.144,23:33:45.039,temperature,21.9,1
1386.144,23:33:45.039,humidity,72.62,1
1386.144,23:33:45.039,noise,51.0,1
1389.224,23:33:48.119,temperature,21.91,1
1389.224,23:33:48.119,humidity,72.64,1
1389.224,23:33:48.119,noise,40.3,1
1392.306,23:33:51.201,temperature,21.91,1
1392.306,23:33:51.201,humidity,72.66,1
1392.306,23:33:51.201,noise,42.7,1
1395.436,23:33:54.330,temperature,21.95,1
1395.436,23:33:54.330,humidity,72.71,1
1395.436,23:33:54.330,noise,46.1,1
1398.519,23:33:57.414,temperature,21.94,1
1398.519,23:33:57.414,humidity,72.81,1
1398.519,23:33:57.414,noise,47.8,1
1401.596,23:34:00.491,temperature,21.92,1
1401.596,23:34:00.491,humidity,72.8,1
1401.596,23:34:00.491,noise,49.7,1
1404.678,23:34:03.572,temperature,21.93,1
1404.728,23:34:03.623,humidity,72.82,1
1404.728,23:34:03.623,noise,48.0,1
1407.807,23:34:06.702,temperature,21.96,1
1407.807,23:34:06.702,humidity,72.88,1
1407.807,23:34:06.702,noise,47.1,1
1410.887,23:34:09.782,temperature,21.95,1
1410.887,23:34:09.782,humidity,72.91,1
1410.887,23:34:09.782,noise,44.7,1
1413.969,23:34:12.863,temperature,21.96,1
1413.969,23:34:12.864,humidity,72.93,1
1413.969,23:34:12.864,noise,40.8,1
1417.099,23:34:15.994,temperature,21.94,1
1417.099,23:34:15.994,humidity,72.91,1
1417.099,23:34:15.994,noise,45.3,1
1420.174,23:34:19.069,temperature,21.97,1
1420.175,23:34:19.069,humidity,72.97,1
1420.175,23:34:19.069,noise,47.8,1
1423.257,23:34:22.151,temperature,21.99,1
1423.257,23:34:22.151,humidity,72.97,1
1423.257,23:34:22.151,noise,47.1,1
1426.337,23:34:25.231,temperature,21.97,1
1426.387,23:34:25.282,humidity,72.98,1
1426.387,23:34:25.282,noise,47.6,1
1429.470,23:34:28.365,temperature,21.97,1
1429.470,23:34:28.365,humidity,73.03,1
1429.470,23:34:28.365,noise,51.0,1
1432.548,23:34:31.443,temperature,21.98,1
1432.549,23:34:31.443,humidity,73.06,1
1432.549,23:34:31.443,noise,48.1,1
1435.629,23:34:34.524,temperature,22.0,1
1435.629,23:34:34.524,humidity,73.11,1
1435.629,23:34:34.524,noise,46.4,1
1438.760,23:34:37.654,temperature,22.01,1
1438.760,23:34:37.654,humidity,73.17,1
1438.760,23:34:37.654,noise,48.1,1
1441.842,23:34:40.737,temperature,22.02,1
1441.842,23:34:40.737,humidity,73.21,1
1441.842,23:34:40.737,noise,43.6,1
1444.923,23:34:43.818,temperature,22.01,1
1444.924,23:34:43.818,humidity,73.21,1
1444.924,23:34:43.818,noise,47.6,1
1448.005,23:34:46.900,temperature,22.02,1
1448.005,23:34:46.900,humidity,73.28,1
1448.005,23:34:46.900,noise,42.7,1
1451.137,23:34:50.032,temperature,22.02,1
1451.137,23:34:50.032,humidity,73.34,1
1451.137,23:34:50.032,noise,43.5,1
1454.217,23:34:53.112,temperature,22.04,1
1454.217,23:34:53.112,humidity,73.34,1
1454.217,23:34:53.112,noise,42.5,1
1457.299,23:34:56.194,temperature,22.03,1
1457.300,23:34:56.194,humidity,73.37,1
1457.300,23:34:56.194,noise,42.6,1
1460.379,23:34:59.274,temperature,22.03,1
1460.379,23:34:59.274,humidity,73.39,1
1460.379,23:34:59.274,noise,45.9,1
1463.510,23:35:02.405,temperature,22.05,1
1463.510,23:35:02.405,humidity,73.39,1
1463.510,23:35:02.405,noise,42.0,1
1466.591,23:35:05.486,temperature,22.07,1
1466.591,23:35:05.486,humidity,73.35,1
1466.591,23:35:05.486,noise,43.5,1
1469.671,23:35:08.565,temperature,22.08,1
1469.671,23:35:08.566,humidity,73.36,1
1469.671,23:35:08.566,noise,42.3,1
1472.754,23:35:11.649,temperature,22.07,1
1472.754,23:35:11.649,humidity,73.41,1
1472.805,23:35:11.699,noise,40.9,1
1475.884,23:35:14.779,temperature,22.1,1
1475.884,23:35:14.779,humidity,73.46,1
1475.884,23:35:14.779,noise,41.0,1
1478.962,23:35:17.857,temperature,22.08,1
1478.962,23:35:17.857,humidity,73.49,1
1478.962,23:35:17.857,noise,42.0,1
1482.044,23:35:20.938,temperature,22.09,1
1482.044,23:35:20.938,humidity,73.45,1
1482.044,23:35:20.938,noise,40.1,1
1485.126,23:35:24.020,temperature,22.07,1
1485.176,23:35:24.071,humidity,73.53,1
1485.176,23:35:24.071,noise,41.3,1
1488.255,23:35:27.150,temperature,22.1,1
1488.255,23:35:27.150,humidity,73.6,1
1488.255,23:35:27.150,noise,40.0,1
1491.337,23:35:30.231,temperature,22.1,1
1491.337,23:35:30.231,humidity,73.6,1
1491.337,23:35:30.231,noise,40.0,1
1494.418,23:35:33.313,temperature,22.09,1
1494.419,23:35:33.313,humidity,73.63,1
1494.419,23:35:33.313,noise,41.0,1
1497.502,23:35:36.397,temperature,22.13,1
1497.553,23:35:36.448,humidity,73.69,1
1497.553,23:35:36.448,noise,40.5,1
1500.634,23:35:39.528,temperature,22.11,1
1500.634,23:35:39.528,humidity,73.68,1
1500.634,23:35:39.528,noise,40.0,1
1503.713,23:35:42.607,temperature,22.11,1
1503.713,23:35:42.607,humidity,73.7,1
1503.713,23:35:42.607,noise,40.1,1
1506.790,23:35:45.685,temperature,22.12,1
1506.790,23:35:45.685,humidity,73.73,1
1506.790,23:35:45.685,noise,40.0,1
1509.920,23:35:48.815,temperature,22.13,1
1509.920,23:35:48.815,humidity,73.75,1
1509.920,23:35:48.815,noise,40.0,1
1512.998,23:35:51.893,temperature,22.12,1
1512.998,23:35:51.893,humidity,73.84,1
1512.998,23:35:51.893,noise,40.1,1
1516.077,23:35:54.972,temperature,22.11,1
1516.077,23:35:54.972,humidity,73.83,1
1516.077,23:35:54.972,noise,42.8,1
1519.205,23:35:58.100,temperature,22.11,1
1519.205,23:35:58.100,humidity,73.87,1
1519.205,23:35:58.100,noise,42.3,1
1522.284,23:36:01.179,temperature,22.11,1
1522.284,23:36:01.179,humidity,73.88,1
1522.284,23:36:01.179,noise,41.6,1
1525.363,23:36:04.258,temperature,22.14,1
1525.363,23:36:04.258,humidity,73.93,1
1525.363,23:36:04.258,noise,41.1,1
1528.443,23:36:07.338,temperature,22.1,1
1528.494,23:36:07.389,humidity,73.91,1
1528.494,23:36:07.389,noise,42.9,1
1531.573,23:36:10.468,temperature,22.11,1
1531.573,23:36:10.468,humidity,73.83,1
1531.573,23:36:10.468,noise,43.5,1
1534.653,23:36:13.548,temperature,22.09,1
1534.653,23:36:13.548,humidity,73.67,1
1534.653,23:36:13.548,noise,41.3,1
1537.734,23:36:16.629,temperature,22.1,1
1537.734,23:36:16.629,humidity,73.58,1
1537.734,23:36:16.629,noise,42.7,1
1540.866,23:36:19.761,temperature,22.1,1
1540.866,23:36:19.761,humidity,73.46,1
1540.866,23:36:19.761,noise,42.3,1
1543.948,23:36:22.842,temperature,22.07,1
1543.948,23:36:22.842,humidity,73.29,1
1543.948,23:36:22.842,noise,42.0,1
1547.026,23:36:25.921,temperature,22.06,1
1547.026,23:36:25.921,humidity,73.13,1
1547.026,23:36:25.921,noise,43.3,1
1550.107,23:36:29.001,temperature,22.03,1
1550.107,23:36:29.002,humidity,73.0,1
1550.157,23:36:29.052,noise,41.8,1
1553.236,23:36:32.130,temperature,22.03,1
1553.236,23:36:32.130,humidity,72.87,1
1553.236,23:36:32.130,noise,42.4,1
1556.314,23:36:35.209,temperature,22.0,1
1556.314,23:36:35.209,humidity,72.76,1
1556.314,23:36:35.209,noise,42.1,1
1559.391,23:36:38.286,temperature,21.99,1
1559.391,23:36:38.286,humidity,72.59,1
1559.391,23:36:38.286,noise,41.2,1
1562.520,23:36:41.414,temperature,21.97,1
1562.520,23:36:41.414,humidity,72.5,1
1562.520,23:36:41.414,noise,46.9,1
1565.599,23:36:44.494,temperature,21.93,1
1565.599,23:36:44.494,humidity,72.32,1
1565.599,23:36:44.494,noise,40.8,1
1568.677,23:36:47.572,temperature,21.94,1
1568.677,23:36:47.572,humidity,72.16,1
1568.677,23:36:47.572,noise,42.5,1
1571.805,23:36:50.699,temperature,21.89,1
1571.805,23:36:50.700,humidity,72.01,1
1571.805,23:36:50.700,noise,44.6,1
1574.883,23:36:53.778,temperature,21.86,1
1574.883,23:36:53.778,humidity,71.88,1
1574.883,23:36:53.778,noise,44.9,1
1577.964,23:36:56.859,temperature,21.83,1
1577.964,23:36:56.859,humidity,71.84,1
1577.964,23:36:56.859,noise,46.4,1
1581.044,23:36:59.939,temperature,21.84,1
1581.095,23:36:59.990,humidity,71.75,1
1581.095,23:36:59.990,noise,42.1,1
1584.172,23:37:03.067,temperature,21.8,1
1584.172,23:37:03.067,humidity,71.58,1
1584.172,23:37:03.067,noise,40.4,1
1587.248,23:37:06.143,temperature,21.82,1
1587.248,23:37:06.143,humidity,71.5,1
1587.248,23:37:06.143,noise,40.5,1
1590.327,23:37:09.222,temperature,21.77,1
1590.378,23:37:09.273,humidity,71.41,1
1590.378,23:37:09.273,noise,40.7,1
1593.460,23:37:12.354,temperature,21.77,1
1593.460,23:37:12.354,humidity,71.35,1
1593.460,23:37:12.354,noise,40.8,1
1596.537,23:37:15.432,temperature,21.71,1
1596.537,23:37:15.432,humidity,71.19,1
1596.537,23:37:15.432,noise,40.4,1
1599.617,23:37:18.512,temperature,21.7,1
1599.617,23:37:18.512,humidity,71.08,1
1599.617,23:37:18.512,noise,40.6,1
1602.747,23:37:21.642,temperature,21.67,1
1602.747,23:37:21.642,humidity,70.97,1
1602.747,23:37:21.642,noise,40.5,1
1605.827,23:37:24.722,temperature,21.64,1
1605.827,23:37:24.722,humidity,70.8,1
1605.827,23:37:24.722,noise,40.4,1
1608.907,23:37:27.801,temperature,21.61,1
1608.907,23:37:27.801,humidity,70.73,1
1608.907,23:37:27.801,noise,40.4,1
1611.987,23:37:30.882,temperature,21.57,1
1611.987,23:37:30.882,humidity,70.67,1
1612.037,23:37:30.932,noise,40.5,1
1615.116,23:37:34.011,temperature,21.56,1
1615.116,23:37:34.011,humidity,70.55,1
1615.116,23:37:34.011,noise,40.3,1
1618.196,23:37:37.090,temperature,21.52,1
1618.196,23:37:37.090,humidity,70.48,1
1618.196,23:37:37.090,noise,40.6,1
1621.275,23:37:40.170,temperature,21.49,1
1621.275,23:37:40.170,humidity,70.38,1
1621.275,23:37:40.170,noise,40.7,1
1624.405,23:37:43.299,temperature,21.46,1
1624.405,23:37:43.299,humidity,70.33,1
1624.405,23:37:43.299,noise,40.4,1
1627.485,23:37:46.380,temperature,21.47,1
1627.486,23:37:46.380,humidity,70.25,1
1627.486,23:37:46.380,noise,40.6,1
1630.568,23:37:49.462,temperature,21.4,1
1630.568,23:37:49.462,humidity,70.19,1
1630.568,23:37:49.462,noise,40.6,1
1633.650,23:37:52.544,temperature,21.39,1
1633.650,23:37:52.545,humidity,70.15,1
1633.701,23:37:52.595,noise,40.6,1
1636.780,23:37:55.675,temperature,21.36,1
1636.780,23:37:55.675,humidity,70.03,1
1636.780,23:37:55.675,noise,40.6,1
1639.861,23:37:58.755,temperature,21.36,1
1639.861,23:37:58.756,humidity,69.98,1
1639.861,23:37:58.756,noise,40.5,1
1642.940,23:38:01.835,temperature,21.33,1
1642.940,23:38:01.835,humidity,69.88,1
1642.940,23:38:01.835,noise,40.5,1
1646.020,23:38:04.915,temperature,21.3,1
1646.071,23:38:04.966,humidity,69.81,1
1646.071,23:38:04.966,noise,40.5,1
1649.152,23:38:08.046,temperature,21.26,1
1649.152,23:38:08.046,humidity,69.76,1
1649.152,23:38:08.046,noise,40.4,1
1652.234,23:38:11.129,temperature,21.24,1
1652.234,23:38:11.129,humidity,69.68,1
1652.234,23:38:11.129,noise,40.5,1
1655.313,23:38:14.208,temperature,21.21,1
1655.313,23:38:14.208,humidity,69.61,1
1655.313,23:38:14.208,noise,40.3,1
1658.445,23:38:17.340,temperature,21.18,1
1658.446,23:38:17.340,humidity,69.63,1
1658.446,23:38:17.340,noise,40.5,1
1661.529,23:38:20.424,temperature,21.18,1
1661.529,23:38:20.424,humidity,69.64,1
1661.529,23:38:20.424,noise,40.5,1
1664.612,23:38:23.507,temperature,21.2,1
1664.612,23:38:23.507,humidity,69.64,1
1664.612,23:38:23.507,noise,40.4,1
1667.692,23:38:26.587,temperature,21.17,1
1667.692,23:38:26.587,humidity,69.59,1
1667.692,23:38:26.587,noise,40.5,1
1670.773,23:38:29.668,temperature,21.15,1
1670.824,23:38:29.719,humidity,69.57,1
1670.824,23:38:29.719,noise,40.5,1
1673.903,23:38:32.798,temperature,21.1,1
1673.903,23:38:32.798,humidity,69.53,1
1673.903,23:38:32.798,noise,40.4,1
1676.983,23:38:35.878,temperature,21.09,1
1676.983,23:38:35.878,humidity,69.52,1
1676.983,23:38:35.878,noise,40.3,1
1680.062,23:38:38.957,temperature,21.08,1
1680.062,23:38:38.957,humidity,69.45,1
1680.113,23:38:39.008,noise,40.4,1
1683.192,23:38:42.087,temperature,21.03,1
1683.192,23:38:42.087,humidity,69.39,1
1683.192,23:38:42.087,noise,40.5,1
1686.274,23:38:45.169,temperature,21.01,1
1686.275,23:38:45.169,humidity,69.37,1
1686.275,23:38:45.169,noise,45.5,1
1689.356,23:38:48.251,temperature,20.98,1
1689.356,23:38:48.251,humidity,69.28,1
1689.356,23:38:48.251,noise,44.8,1
1692.436,23:38:51.331,temperature,20.99,1
1692.436,23:38:51.331,humidity,69.24,1
1692.487,23:38:51.382,noise,44.8,1
1695.568,23:38:54.463,temperature,20.97,1
1695.568,23:38:54.463,humidity,69.17,1
1695.568,23:38:54.463,noise,46.6,1
1698.647,23:38:57.542,temperature,20.94,1
1698.647,23:38:57.542,humidity,69.13,1
1698.647,23:38:57.542,noise,41.2,1
1701.728,23:39:00.623,temperature,20.95,1
1701.728,23:39:00.623,humidity,69.08,1
1701.728,23:39:00.623,noise,41.9,1
1704.858,23:39:03.752,temperature,20.95,1
1704.858,23:39:03.752,humidity,69.06,1
1704.858,23:39:03.752,noise,40.4,1
1707.939,23:39:06.834,temperature,20.94,1
1707.939,23:39:06.834,humidity,69.05,1
1707.939,23:39:06.834,noise,40.3,1
1711.020,23:39:09.915,temperature,20.93,1
1711.020,23:39:09.915,humidity,68.99,1
1711.020,23:39:09.915,noise,40.1,1
1714.094,23:39:12.988,temperature,20.93,1
1714.145,23:39:13.039,humidity,68.93,1
1714.145,23:39:13.040,noise,40.4,1
1717.223,23:39:16.118,temperature,20.92,1
1717.223,23:39:16.118,humidity,68.81,1
1717.223,23:39:16.118,noise,40.2,1
1720.303,23:39:19.198,temperature,20.89,1
1720.303,23:39:19.198,humidity,68.75,1
1720.303,23:39:19.198,noise,40.3,1
1723.385,23:39:22.280,temperature,20.92,1
1723.385,23:39:22.280,humidity,68.64,1
1723.385,23:39:22.280,noise,40.5,1
1726.515,23:39:25.410,temperature,20.89,1
1726.515,23:39:25.410,humidity,68.57,1
1726.515,23:39:25.410,noise,40.6,1
1729.594,23:39:28.489,temperature,20.86,1
1729.595,23:39:28.489,humidity,68.43,1
1729.595,23:39:28.489,noise,40.8,1
1732.673,23:39:31.568,temperature,20.85,1
1732.673,23:39:31.568,humidity,68.39,1
1732.673,23:39:31.568,noise,40.4,1
1735.753,23:39:34.648,temperature,20.84,1
1735.753,23:39:34.648,humidity,68.35,1
1735.804,23:39:34.698,noise,40.2,1
1738.880,23:39:37.775,temperature,20.83,1
1738.880,23:39:37.775,humidity,68.29,1
1738.880,23:39:37.775,noise,40.6,1
1741.958,23:39:40.853,temperature,20.83,1
1741.958,23:39:40.853,humidity,68.25,1
1741.958,23:39:40.853,noise,40.3,1
1745.038,23:39:43.933,temperature,20.81,1
1745.038,23:39:43.933,humidity,68.18,1
1745.089,23:39:43.983,noise,40.3,1
1748.169,23:39:47.064,temperature,20.82,1
1748.169,23:39:47.064,humidity,68.14,1
1748.169,23:39:47.064,noise,40.3,1
1751.249,23:39:50.143,temperature,20.78,1
1751.249,23:39:50.143,humidity,68.05,1
1751.249,23:39:50.143,noise,41.0,1
1754.327,23:39:53.222,temperature,20.78,1
1754.327,23:39:53.222,humidity,68.05,1
1754.327,23:39:53.222,noise,43.3,1
1757.454,23:39:56.349,temperature,20.8,1
1757.454,23:39:56.349,humidity,68.01,1
1757.454,23:39:56.349,noise,40.9,1
1760.533,23:39:59.427,temperature,20.78,1
1760.533,23:39:59.427,humidity,67.95,1
1760.533,23:39:59.427,noise,40.2,1
1763.612,23:40:02.507,temperature,20.78,1
1763.612,23:40:02.507,humidity,67.92,1
1763.612,23:40:02.507,noise,40.3,1
1766.738,23:40:05.633,temperature,20.75,1
1766.739,23:40:05.633,humidity,67.87,1
1766.739,23:40:05.633,noise,40.2,1
1769.814,23:40:08.708,temperature,20.75,1
1769.814,23:40:08.708,humidity,67.78,1
1769.814,23:40:08.708,noise,40.2,1
1772.893,23:40:11.788,temperature,20.72,1
1772.893,23:40:11.788,humidity,67.68,1
1772.893,23:40:11.788,noise,40.1,1
1776.021,23:40:14.916,temperature,20.7,1
1776.021,23:40:14.916,humidity,67.65,1
1776.021,23:40:14.916,noise,40.7,1
1779.100,23:40:17.994,temperature,20.69,1
1779.100,23:40:17.994,humidity,67.55,1
1779.100,23:40:17.994,noise,40.7,1
1782.178,23:40:21.073,temperature,20.7,1
1782.178,23:40:21.073,humidity,67.48,1
1782.178,23:40:21.073,noise,40.3,1
1785.306,23:40:24.201,temperature,20.69,1
1785.306,23:40:24.201,humidity,67.41,1
1785.306,23:40:24.201,noise,40.2,1
1788.388,23:40:27.283,temperature,20.67,1
1788.388,23:40:27.283,humidity,67.35,1
1788.388,23:40:27.283,noise,41.3,1
1791.464,23:40:30.359,temperature,20.65,1
1791.464,23:40:30.359,humidity,67.37,1
1791.464,23:40:30.359,noise,40.1,1
1794.540,23:40:33.435,temperature,20.64,1
1794.591,23:40:33.485,humidity,67.29,1
1794.591,23:40:33.485,noise,41.4,1
1797.666,23:40:36.561,temperature,20.65,1
1797.666,23:40:36.561,humidity,67.3,1
1797.666,23:40:36.561,noise,42.3,1
1800.739,23:40:39.634,temperature,20.64,1
1800.739,23:40:39.634,humidity,67.22,1
1800.739,23:40:39.634,noise,40.8,1
1803.865,23:40:42.759,temperature,20.64,1
1803.865,23:40:42.759,humidity,67.24,1
1803.865,23:40:42.759,noise,40.5,1
1806.940,23:40:45.835,temperature,20.64,1
1806.940,23:40:45.835,humidity,67.18,1
1806.940,23:40:45.835,noise,40.3,1
1810.017,23:40:48.911,temperature,20.64,1
1810.017,23:40:48.912,humidity,67.13,1
1810.068,23:40:48.963,noise,40.3,1
1813.141,23:40:52.036,temperature,20.63,1
1813.141,23:40:52.036,humidity,67.08,1
1813.141,23:40:52.036,noise,43.9,1
1816.219,23:40:55.114,temperature,20.63,1
1816.219,23:40:55.114,humidity,67.05,1
1816.219,23:40:55.114,noise,41.0,1
1819.294,23:40:58.189,temperature,20.62,1
1819.345,23:40:58.239,humidity,67.01,1
1819.345,23:40:58.239,noise,40.6,1
1822.422,23:41:01.317,temperature,20.62,1
1822.422,23:41:01.317,humidity,66.92,1
1822.422,23:41:01.317,noise,42.8,1
1825.498,23:41:04.393,temperature,20.61,1
1825.498,23:41:04.393,humidity,66.86,1
1825.498,23:41:04.393,noise,40.3,1
1828.625,23:41:07.520,temperature,20.61,1
1828.625,23:41:07.520,humidity,66.82,1
1828.625,23:41:07.520,noise,40.4,1
1831.700,23:41:10.595,temperature,20.59,1
1831.700,23:41:10.595,humidity,66.79,1
1831.700,23:41:10.595,noise,40.3,1
1834.774,23:41:13.669,temperature,20.59,1
1834.774,23:41:13.669,humidity,66.78,1
1834.774,23:41:13.669,noise,40.2,1
1837.904,23:41:16.798,temperature,20.57,1
1837.904,23:41:16.798,humidity,66.67,1
1837.904,23:41:16.798,noise,40.3,1
1840.979,23:41:19.874,temperature,20.59,1
1840.979,23:41:19.874,humidity,66.62,1
1840.979,23:41:19.874,noise,40.7,1
1844.054,23:41:22.949,temperature,20.58,1
1844.054,23:41:22.949,humidity,66.61,1
1844.054,23:41:22.949,noise,42.0,1
1847.183,23:41:26.078,temperature,20.56,1
1847.183,23:41:26.078,humidity,66.56,1
1847.183,23:41:26.078,noise,49.3,1
1850.263,23:41:29.158,temperature,20.56,1
1850.263,23:41:29.158,humidity,66.53,1
1850.263,23:41:29.158,noise,43.0,1
1853.343,23:41:32.238,temperature,20.57,1
1853.343,23:41:32.238,humidity,66.46,1
1853.343,23:41:32.238,noise,45.7,1
1856.423,23:41:35.318,temperature,20.52,1
1856.474,23:41:35.368,humidity,66.39,1
1856.474,23:41:35.368,noise,45.4,1
1859.552,23:41:38.447,temperature,20.53,1
1859.552,23:41:38.447,humidity,66.37,1
1859.552,23:41:38.447,noise,45.4,1
1862.631,23:41:41.526,temperature,20.53,1
1862.632,23:41:41.526,humidity,66.34,1
1862.632,23:41:41.526,noise,49.1,1
1865.712,23:41:44.606,temperature,20.52,1
1865.712,23:41:44.606,humidity,66.35,1
1865.762,23:41:44.657,noise,41.7,1
1868.845,23:41:47.740,temperature,20.52,1
1868.845,23:41:47.740,humidity,66.38,1
1868.845,23:41:47.740,noise,44.7,1
1871.929,23:41:50.824,temperature,20.55,1
1871.929,23:41:50.824,humidity,66.35,1
1871.929,23:41:50.824,noise,44.1,1
1875.008,23:41:53.903,temperature,20.52,1
1875.008,23:41:53.903,humidity,66.29,1
1875.008,23:41:53.903,noise,43.3,1
1878.089,23:41:56.983,temperature,20.51,1
1878.089,23:41:56.983,humidity,66.22,1
1878.139,23:41:57.034,noise,40.8,1
1881.224,23:42:00.119,temperature,20.5,1
1881.224,23:42:00.119,humidity,66.1,1
1881.224,23:42:00.119,noise,48.5,1
1884.301,23:42:03.196,temperature,20.46,1
1884.301,23:42:03.196,humidity,66.04,1
1884.301,23:42:03.196,noise,43.9,1
1887.382,23:42:06.277,temperature,20.49,1
1887.382,23:42:06.277,humidity,65.98,1
1887.382,23:42:06.277,noise,41.3,1
1890.466,23:42:09.361,temperature,20.49,1
1890.466,23:42:09.361,humidity,65.95,1
1890.466,23:42:09.361,noise,47.6,1
1893.597,23:42:12.492,temperature,20.5,1
1893.597,23:42:12.492,humidity,65.93,1
1893.597,23:42:12.492,noise,46.6,1
1896.678,23:42:15.573,temperature,20.51,1
1896.678,23:42:15.573,humidity,65.92,1
1896.678,23:42:15.573,noise,44.2,1
1899.759,23:42:18.653,temperature,20.49,1
1899.759,23:42:18.653,humidity,65.89,1
1899.759,23:42:18.653,noise,45.7,1
1902.836,23:42:21.731,temperature,20.52,1
1902.887,23:42:21.782,humidity,65.79,1
1902.887,23:42:21.782,noise,43.2,1
1905.968,23:42:24.863,temperature,20.48,1
1905.968,23:42:24.863,humidity,65.72,1
1905.968,23:42:24.863,noise,44.9,1
1909.046,23:42:27.941,temperature,20.47,1
1909.046,23:42:27.941,humidity,65.6,1
1909.046,23:42:27.941,noise,43.4,1
1912.126,23:42:31.021,temperature,20.45,1
1912.126,23:42:31.021,humidity,65.55,1
1912.126,23:42:31.021,noise,44.8,1
1915.258,23:42:34.153,temperature,20.44,1
1915.258,23:42:34.153,humidity,65.41,1
1915.258,23:42:34.153,noise,41.5,1
1918.337,23:42:37.232,temperature,20.45,1
1918.337,23:42:37.232,humidity,65.43,1
1918.337,23:42:37.232,noise,45.4,1
1921.418,23:42:40.313,temperature,20.45,1
1921.418,23:42:40.313,humidity,65.34,1
1921.418,23:42:40.313,noise,44.4,1
1924.500,23:42:43.395,temperature,20.4,1
1924.500,23:42:43.395,humidity,65.3,1
1924.551,23:42:43.445,noise,41.5,1
1927.630,23:42:46.525,temperature,20.41,1
1927.630,23:42:46.525,humidity,65.3,1
1927.630,23:42:46.525,noise,46.3,1
1930.710,23:42:49.605,temperature,20.42,1
1930.711,23:42:49.605,humidity,65.27,1
1930.711,23:42:49.605,noise,52.9,1
1933.792,23:42:52.686,temperature,20.41,1
1933.792,23:42:52.687,humidity,65.2,1
1933.792,23:42:52.687,noise,46.6,1
1936.873,23:42:55.767,temperature,20.41,1
1936.923,23:42:55.818,humidity,65.19,1
1936.923,23:42:55.818,noise,44.1,1
1940.003,23:42:58.897,temperature,20.43,1
1940.003,23:42:58.897,humidity,65.15,1
1940.003,23:42:58.897,noise,44.1,1
1943.081,23:43:01.976,temperature,20.41,1
1943.081,23:43:01.976,humidity,65.03,1
1943.082,23:43:01.976,noise,48.8,1
1946.163,23:43:05.058,temperature,20.41,1
1946.163,23:43:05.058,humidity,65.02,1
1946.163,23:43:05.058,noise,45.6,1
1949.294,23:43:08.189,temperature,20.38,1
1949.294,23:43:08.189,humidity,64.92,1
1949.294,23:43:08.189,noise,43.1,1
1952.375,23:43:11.270,temperature,20.41,1
1952.375,23:43:11.270,humidity,64.89,1
1952.375,23:43:11.270,noise,48.4,1
1955.456,23:43:14.350,temperature,20.39,1
1955.456,23:43:14.350,humidity,64.77,1
1955.456,23:43:14.350,noise,51.7,1
1958.536,23:43:17.431,temperature,20.39,1
1958.537,23:43:17.431,humidity,64.72,1
1958.587,23:43:17.482,noise,48.1,1
1961.667,23:43:20.562,temperature,20.37,1
1961.667,23:43:20.562,humidity,64.59,1
1961.667,23:43:20.562,noise,46.7,1
1964.749,23:43:23.643,temperature,20.32,1
1964.749,23:43:23.643,humidity,64.51,1
1964.749,23:43:23.643,noise,48.7,1
1967.830,23:43:26.724,temperature,20.35,1
1967.830,23:43:26.725,humidity,64.45,1
1967.830,23:43:26.725,noise,47.3,1
1970.911,23:43:29.806,temperature,20.29,1
1970.911,23:43:29.806,humidity,64.37,1
1970.961,23:43:29.856,noise,47.1,1
1974.039,23:43:32.934,temperature,20.3,1
1974.039,23:43:32.934,humidity,64.32,1
1974.039,23:43:32.934,noise,43.6,1
1977.120,23:43:36.015,temperature,20.28,1
1977.121,23:43:36.015,humidity,64.27,1
1977.121,23:43:36.015,noise,43.3,1
1980.199,23:43:39.093,temperature,20.23,1
1980.199,23:43:39.094,humidity,64.25,1
1980.199,23:43:39.094,noise,44.7,1
1983.329,23:43:42.224,temperature,20.24,1
1983.329,23:43:42.224,humidity,64.2,1
1983.329,23:43:42.224,noise,41.9,1
1986.409,23:43:45.304,temperature,20.2,1
1986.409,23:43:45.304,humidity,64.11,1
1986.409,23:43:45.304,noise,50.1,1
1989.489,23:43:48.384,temperature,20.19,1
1989.489,23:43:48.384,humidity,64.05,1
1989.489,23:43:48.384,noise,45.1,1
1992.571,23:43:51.466,temperature,20.17,1
1992.571,23:43:51.466,humidity,64.11,1
1992.622,23:43:51.517,noise,46.7,1
1995.700,23:43:54.595,temperature,20.19,1
1995.700,23:43:54.595,humidity,64.13,1
1995.700,23:43:54.595,noise,41.1,1
1998.780,23:43:57.674,temperature,20.2,1
1998.780,23:43:57.674,humidity,64.08,1
1998.780,23:43:57.674,noise,46.4,1
2001.860,23:44:00.755,temperature,20.24,1
2001.860,23:44:00.755,humidity,64.03,1
2001.860,23:44:00.755,noise,44.8,1
2004.943,23:44:03.838,temperature,20.2,1
2004.994,23:44:03.888,humidity,63.95,1
2004.994,23:44:03.888,noise,45.7,1
2008.073,23:44:06.968,temperature,20.19,1
2008.073,23:44:06.968,humidity,63.9,1
2008.073,23:44:06.968,noise,43.6,1
2011.151,23:44:10.046,temperature,20.17,1
2011.151,23:44:10.046,humidity,63.89,1
2011.151,23:44:10.046,noise,44.3,1
2014.230,23:44:13.125,temperature,20.19,1
2014.230,23:44:13.125,humidity,63.82,1
2014.281,23:44:13.175,noise,44.3,1
2017.362,23:44:16.257,temperature,20.17,1
2017.362,23:44:16.257,humidity,63.7,1
2017.362,23:44:16.257,noise,48.6,1
2020.441,23:44:19.336,temperature,20.14,1
2020.441,23:44:19.336,humidity,63.62,1
2020.441,23:44:19.336,noise,47.8,1
2023.518,23:44:22.413,temperature,20.13,1
2023.518,23:44:22.413,humidity,63.6,1
2023.518,23:44:22.413,noise,52.3,1
2026.650,23:44:25.545,temperature,20.11,1
2026.650,23:44:25.545,humidity,63.56,1
2026.650,23:44:25.545,noise,51.1,1
2029.726,23:44:28.621,temperature,20.11,1
2029.726,23:44:28.621,humidity,63.55,1
2029.726,23:44:28.621,noise,40.6,1
2032.804,23:44:31.699,temperature,20.12,1
2032.804,23:44:31.699,humidity,63.51,1
2032.804,23:44:31.699,noise,48.9,1
2035.933,23:44:34.828,temperature,20.13,1
2035.933,23:44:34.828,humidity,63.48,1
2035.933,23:44:34.828,noise,51.2,1
2039.015,23:44:37.909,temperature,20.11,1
2039.015,23:44:37.910,humidity,63.49,1
2039.015,23:44:37.910,noise,41.0,1
2042.097,23:44:40.991,temperature,20.08,1
2042.097,23:44:40.991,humidity,63.42,1
2042.097,23:44:40.991,noise,42.3,1
2045.175,23:44:44.070,temperature,20.07,1
2045.175,23:44:44.070,humidity,63.32,1
2045.175,23:44:44.070,noise,51.9,1
2048.305,23:44:47.200,temperature,20.08,1
2048.306,23:44:47.200,humidity,63.31,1
2048.306,23:44:47.200,noise,48.2,1
2051.381,23:44:50.276,temperature,20.06,1
2051.381,23:44:50.276,humidity,63.26,1
2051.381,23:44:50.276,noise,41.5,1
2054.457,23:44:53.352,temperature,20.05,1
2054.457,23:44:53.352,humidity,63.2,1
2054.457,23:44:53.352,noise,50.1,1
2057.586,23:44:56.481,temperature,20.05,1
2057.586,23:44:56.481,humidity,63.11,1
2057.586,23:44:56.481,noise,49.7,1
2060.668,23:44:59.562,temperature,20.02,1
2060.668,23:44:59.562,humidity,63.04,1
2060.668,23:44:59.562,noise,53.6,1
2063.744,23:45:02.639,temperature,20.04,1
2063.744,23:45:02.639,humidity,62.95,1
2063.744,23:45:02.639,noise,50.4,1
2066.874,23:45:05.769,temperature,19.99,1
2066.874,23:45:05.769,humidity,62.87,1
2066.874,23:45:05.769,noise,55.3,1
2069.953,23:45:08.848,temperature,20.01,1
2069.953,23:45:08.848,humidity,62.8,1
2069.953,23:45:08.848,noise,44.5,1
2073.033,23:45:11.928,temperature,19.99,1
2073.033,23:45:11.928,humidity,62.71,1
2073.033,23:45:11.928,noise,42.2,1
2076.112,23:45:15.007,temperature,19.97,1
2076.112,23:45:15.007,humidity,62.6,1
2076.163,23:45:15.058,noise,48.2,1
2079.243,23:45:18.138,temperature,19.99,1
2079.243,23:45:18.138,humidity,62.58,1
2079.243,23:45:18.138,noise,53.0,1
2082.324,23:45:21.219,temperature,19.96,1
2082.324,23:45:21.219,humidity,62.42,1
2082.324,23:45:21.219,noise,47.8,1
2085.404,23:45:24.299,temperature,19.94,1
2085.404,23:45:24.299,humidity,62.29,1
2085.404,23:45:24.299,noise,42.9,1
2088.534,23:45:27.429,temperature,19.93,1
2088.534,23:45:27.429,humidity,62.17,1
2088.534,23:45:27.429,noise,45.4,1
2091.616,23:45:30.510,temperature,19.9,1
2091.616,23:45:30.510,humidity,62.04,1
2091.616,23:45:30.511,noise,50.4,1
2094.696,23:45:33.590,temperature,19.87,1
2094.696,23:45:33.591,humidity,61.94,1
2094.696,23:45:33.591,noise,49.2,1
2097.775,23:45:36.670,temperature,19.84,1
2097.776,23:45:36.670,humidity,61.79,1
2097.776,23:45:36.670,noise,51.6,1
2100.908,23:45:39.803,temperature,19.82,1
2100.908,23:45:39.803,humidity,61.64,1
2100.908,23:45:39.803,noise,49.3,1
2103.988,23:45:42.883,temperature,19.76,1
2103.989,23:45:42.883,humidity,61.62,1
2103.989,23:45:42.883,noise,47.1,1
2107.067,23:45:45.962,temperature,19.76,1
2107.068,23:45:45.962,humidity,61.55,1
2107.068,23:45:45.962,noise,41.7,1
2110.146,23:45:49.041,temperature,19.74,1
2110.147,23:45:49.041,humidity,61.48,1
2110.197,23:45:49.092,noise,43.4,1
2113.276,23:45:52.171,temperature,19.71,1
2113.276,23:45:52.171,humidity,61.49,1
2113.276,23:45:52.171,noise,48.1,1
2116.353,23:45:55.248,temperature,19.73,1
2116.354,23:45:55.248,humidity,61.53,1
2116.354,23:45:55.248,noise,43.2,1
2119.431,23:45:58.326,temperature,19.72,1
2119.431,23:45:58.326,humidity,61.5,1
2119.482,23:45:58.377,noise,48.6,1
2122.558,23:46:01.453,temperature,19.74,1
2122.558,23:46:01.453,humidity,61.41,1
2122.558,23:46:01.453,noise,51.7,1
2125.637,23:46:04.531,temperature,19.71,1
2125.637,23:46:04.531,humidity,61.33,1
2125.637,23:46:04.531,noise,50.1,1
2128.716,23:46:07.611,temperature,19.72,1
2128.716,23:46:07.611,humidity,61.27,1
2128.767,23:46:07.662,noise,47.1,1
2131.846,23:46:10.741,temperature,19.71,1
2131.846,23:46:10.741,humidity,61.18,1
2131.846,23:46:10.741,noise,51.5,1
2134.923,23:46:13.818,temperature,19.7,1
2134.923,23:46:13.818,humidity,61.04,1
2134.923,23:46:13.818,noise,45.6,1
2138.000,23:46:16.894,temperature,19.67,1
2138.000,23:46:16.894,humidity,60.9,1
2138.000,23:46:16.894,noise,49.8,1
2141.128,23:46:20.023,temperature,19.68,1
2141.128,23:46:20.023,humidity,60.73,1
2141.128,23:46:20.023,noise,48.3,1
2144.206,23:46:23.101,temperature,19.68,1
2144.206,23:46:23.101,humidity,60.57,1
2144.206,23:46:23.101,noise,43.4,1
2147.285,23:46:26.180,temperature,19.65,1
2147.285,23:46:26.180,humidity,60.41,1
2147.285,23:46:26.180,noise,41.9,1
2150.414,23:46:29.308,temperature,19.65,1
2150.414,23:46:29.308,humidity,60.29,1
2150.414,23:46:29.308,noise,41.9,1
2153.492,23:46:32.387,temperature,19.63,1
2153.493,23:46:32.387,humidity,60.18,1
2153.493,23:46:32.387,noise,40.2,1
2156.572,23:46:35.467,temperature,19.64,1
2156.572,23:46:35.467,humidity,60.08,1
2156.572,23:46:35.467,noise,41.4,1
2159.651,23:46:38.546,temperature,19.61,1
2159.702,23:46:38.597,humidity,59.93,1
2159.702,23:46:38.597,noise,40.2,1
2162.781,23:46:41.676,temperature,19.6,1
2162.781,23:46:41.676,humidity,59.77,1
2162.781,23:46:41.676,noise,40.4,1
2165.858,23:46:44.753,temperature,19.57,1
2165.858,23:46:44.753,humidity,59.61,1
2165.858,23:46:44.753,noise,40.1,1
2168.940,23:46:47.835,temperature,19.55,1
2168.940,23:46:47.835,humidity,59.5,1
2168.991,23:46:47.886,noise,40.2,1
2172.074,23:46:50.969,temperature,19.55,1
2172.074,23:46:50.969,humidity,59.4,1
2172.074,23:46:50.969,noise,40.2,1
2175.155,23:46:54.050,temperature,19.59,1
2175.155,23:46:54.050,humidity,59.32,1
2175.155,23:46:54.050,noise,41.8,1
2178.236,23:46:57.131,temperature,19.55,1
2178.236,23:46:57.131,humidity,59.18,1
2178.236,23:46:57.131,noise,40.8,1
2181.319,23:47:00.214,temperature,19.54,1
2181.319,23:47:00.214,humidity,59.05,1
2181.319,23:47:00.214,noise,46.7,1
2184.449,23:47:03.344,temperature,19.54,1
2184.449,23:47:03.344,humidity,58.87,1
2184.449,23:47:03.344,noise,40.1,1
2187.525,23:47:06.420,temperature,19.5,1
2187.525,23:47:06.420,humidity,58.69,1
2187.525,23:47:06.420,noise,40.2,1
2190.608,23:47:09.503,temperature,19.45,1
2190.608,23:47:09.503,humidity,58.55,1
2190.609,23:47:09.503,noise,40.9,1
2193.689,23:47:12.583,temperature,19.43,1
2193.689,23:47:12.583,humidity,58.42,1
2193.739,23:47:12.634,noise,40.0,1
2196.819,23:47:15.714,temperature,19.43,1
2196.819,23:47:15.714,humidity,58.29,1
2196.819,23:47:15.714,noise,40.0,1
2199.898,23:47:18.793,temperature,19.39,1
2199.898,23:47:18.793,humidity,58.18,1
2199.898,23:47:18.793,noise,40.1,1
2202.981,23:47:21.875,temperature,19.37,1
2202.981,23:47:21.875,humidity,58.04,1
2202.981,23:47:21.875,noise,40.1,1
2206.112,23:47:25.006,temperature,19.33,1
2206.112,23:47:25.006,humidity,57.87,1
2206.112,23:47:25.006,noise,40.4,1
2209.190,23:47:28.085,temperature,19.29,1
2209.190,23:47:28.085,humidity,57.83,1
2209.190,23:47:28.085,noise,40.0,1
2212.270,23:47:31.165,temperature,19.29,1
2212.270,23:47:31.165,humidity,57.75,1
2212.270,23:47:31.165,noise,40.1,1
2215.350,23:47:34.245,temperature,19.27,1
2215.350,23:47:34.245,humidity,57.64,1
2215.401,23:47:34.295,noise,40.1,1
2218.483,23:47:37.378,temperature,19.25,1
2218.483,23:47:37.378,humidity,57.53,1
2218.483,23:47:37.378,noise,40.4,1
2221.562,23:47:40.456,temperature,19.23,1
2221.562,23:47:40.456,humidity,57.48,1
2221.562,23:47:40.456,noise,40.2,1
2224.639,23:47:43.534,temperature,19.23,1
2224.639,23:47:43.534,humidity,57.4,1
2224.639,23:47:43.534,noise,44.0,1
2227.766,23:47:46.661,temperature,19.19,1
2227.766,23:47:46.661,humidity,57.3,1
2227.766,23:47:46.661,noise,41.3,1
2230.848,23:47:49.742,temperature,19.19,1
2230.848,23:47:49.742,humidity,57.27,1
2230.848,23:47:49.742,noise,46.7,1
2233.929,23:47:52.824,temperature,19.18,1
2233.929,23:47:52.824,humidity,57.18,1
2233.929,23:47:52.824,noise,40.2,1
2237.008,23:47:55.903,temperature,19.19,1
2237.008,23:47:55.903,humidity,57.12,1
2237.059,23:47:55.954,noise,40.1,1
2240.141,23:47:59.035,temperature,19.17,1
2240.141,23:47:59.035,humidity,57.01,1
2240.141,23:47:59.036,noise,40.0,1
2243.222,23:48:02.117,temperature,19.15,1
2243.222,23:48:02.117,humidity,57.06,1
2243.222,23:48:02.117,noise,41.1,1
2246.301,23:48:05.196,temperature,19.14,1
2246.301,23:48:05.196,humidity,57.03,1
2246.301,23:48:05.196,noise,45.6,1
2249.429,23:48:08.324,temperature,19.15,1
2249.429,23:48:08.324,humidity,57.06,1
2249.429,23:48:08.324,noise,47.9,1
2252.511,23:48:11.406,temperature,19.14,1
2252.511,23:48:11.406,humidity,57.15,1
2252.511,23:48:11.406,noise,52.7,1
2255.593,23:48:14.488,temperature,19.17,1
2255.593,23:48:14.488,humidity,57.29,1
2255.593,23:48:14.488,noise,45.4,1
2258.672,23:48:17.567,temperature,19.14,1
2258.672,23:48:17.567,humidity,57.34,1
2258.672,23:48:17.567,noise,40.6,1
2261.801,23:48:20.696,temperature,19.17,1
2261.801,23:48:20.696,humidity,57.5,1
2261.801,23:48:20.696,noise,40.0,1
2264.881,23:48:23.776,temperature,19.18,1
2264.881,23:48:23.776,humidity,57.71,1
2264.881,23:48:23.776,noise,41.0,1
2267.960,23:48:26.854,temperature,19.19,1
2267.960,23:48:26.855,humidity,57.93,1
2267.960,23:48:26.855,noise,40.3,1
2271.087,23:48:29.982,temperature,19.21,1
2271.087,23:48:29.982,humidity,58.16,1
2271.087,23:48:29.982,noise,40.1,1
2274.162,23:48:33.057,temperature,19.22,1
2274.162,23:48:33.057,humidity,58.26,1
2274.162,23:48:33.057,noise,41.5,1
2277.239,23:48:36.134,temperature,19.24,1
2277.239,23:48:36.134,humidity,58.45,1
2277.239,23:48:36.134,noise,64.3,1
2280.366,23:48:39.261,temperature,19.26,1
2280.366,23:48:39.261,humidity,58.61,1
2280.366,23:48:39.261,noise,40.1,1
2283.445,23:48:42.339,temperature,19.26,1
2283.445,23:48:42.339,humidity,58.77,1
2283.445,23:48:42.339,noise,40.7,1
2286.522,23:48:45.417,temperature,19.28,1
2286.522,23:48:45.417,humidity,58.97,1
2286.522,23:48:45.417,noise,43.1,1
2289.654,23:48:48.549,temperature,19.3,1
2289.654,23:48:48.549,humidity,59.17,1
2289.654,23:48:48.549,noise,43.0,1
2292.730,23:48:51.624,temperature,19.31,1
2292.730,23:48:51.625,humidity,59.35,1
2292.730,23:48:51.625,noise,44.2,1
2295.805,23:48:54.700,temperature,19.35,1
2295.805,23:48:54.700,humidity,59.53,1
2295.805,23:48:54.700,noise,45.2,1
2298.933,23:48:57.828,temperature,19.38,1
2298.933,23:48:57.828,humidity,59.74,1
2298.933,23:48:57.828,noise,40.9,1
2302.009,23:49:00.904,temperature,19.39,1
2302.009,23:49:00.904,humidity,59.95,1
2302.009,23:49:00.904,noise,42.9,1
2305.087,23:49:03.981,temperature,19.4,1
2305.087,23:49:03.981,humidity,60.1,1
2305.087,23:49:03.981,noise,40.2,1
2308.212,23:49:07.107,temperature,19.41,1
2308.213,23:49:07.107,humidity,60.29,1
2308.213,23:49:07.107,noise,40.3,1
2311.288,23:49:10.183,temperature,19.42,1
2311.289,23:49:10.183,humidity,60.5,1
2311.289,23:49:10.183,noise,58.6,1
2314.367,23:49:13.262,temperature,19.44,1
2314.367,23:49:13.262,humidity,60.65,1
2314.367,23:49:13.262,noise,40.5,1
2317.496,23:49:16.391,temperature,19.49,1
2317.496,23:49:16.391,humidity,60.78,1
2317.496,23:49:16.391,noise,42.9,1
2320.573,23:49:19.468,temperature,19.49,1
2320.573,23:49:19.468,humidity,60.95,1
2320.573,23:49:19.468,noise,41.7,1
2323.651,23:49:22.545,temperature,19.51,1
2323.651,23:49:22.545,humidity,61.11,1
2323.651,23:49:22.545,noise,40.6,1
2326.778,23:49:25.673,temperature,19.54,1
2326.778,23:49:25.673,humidity,61.22,1
2326.778,23:49:25.673,noise,50.8,1
2329.861,23:49:28.756,temperature,19.58,1
2329.861,23:49:28.756,humidity,61.27,1
2329.861,23:49:28.756,noise,40.6,1
2332.938,23:49:31.833,temperature,19.6,1
2332.938,23:49:31.833,humidity,61.39,1
2332.938,23:49:31.833,noise,41.7,1
2336.068,23:49:34.962,temperature,19.63,1
2336.068,23:49:34.962,humidity,61.52,1
2336.068,23:49:34.962,noise,41.9,1
2339.145,23:49:38.040,temperature,19.66,1
2339.145,23:49:38.040,humidity,61.55,1
2339.145,23:49:38.040,noise,40.1,1
2342.225,23:49:41.119,temperature,19.67,1
2342.225,23:49:41.119,humidity,61.59,1
2342.225,23:49:41.119,noise,40.2,1
2345.305,23:49:44.200,temperature,19.69,1
2345.305,23:49:44.200,humidity,61.81,1
2345.356,23:49:44.250,noise,54.9,1
2348.434,23:49:47.328,temperature,19.72,1
2348.434,23:49:47.328,humidity,61.97,1
2348.434,23:49:47.328,noise,47.2,1
2351.511,23:49:50.406,temperature,19.73,1
2351.511,23:49:50.406,humidity,62.13,1
2351.511,23:49:50.406,noise,40.6,1
2354.591,23:49:53.485,temperature,19.75,1
2354.591,23:49:53.485,humidity,62.24,1
2354.591,23:49:53.485,noise,40.8,1
2357.719,23:49:56.613,temperature,19.77,1
2357.719,23:49:56.613,humidity,62.41,1
2357.719,23:49:56.613,noise,41.1,1
2360.798,23:49:59.693,temperature,19.8,1
2360.798,23:49:59.693,humidity,62.53,1
2360.798,23:49:59.693,noise,40.8,1
2363.877,23:50:02.771,temperature,19.81,1
2363.877,23:50:02.771,humidity,62.72,1
2363.877,23:50:02.771,noise,40.8,1
2367.003,23:50:05.898,temperature,19.86,1
2367.003,23:50:05.898,humidity,62.78,1
2367.003,23:50:05.898,noise,42.8,1
2370.079,23:50:08.974,temperature,19.85,1
2370.079,23:50:08.974,humidity,62.9,1
2370.079,23:50:08.974,noise,41.5,1
2373.159,23:50:12.054,temperature,19.89,1
2373.159,23:50:12.054,humidity,62.97,1
2373.159,23:50:12.054,noise,40.8,1
2376.289,23:50:15.184,temperature,19.9,1
2376.289,23:50:15.184,humidity,63.05,1
2376.289,23:50:15.184,noise,41.2,1
2379.367,23:50:18.262,temperature,19.95,1
2379.367,23:50:18.262,humidity,63.09,1
2379.367,23:50:18.262,noise,40.9,1
2382.445,23:50:21.340,temperature,19.95,1
2382.445,23:50:21.340,humidity,63.19,1
2382.445,23:50:21.340,noise,41.5,1
2385.573,23:50:24.468,temperature,19.97,1
2385.573,23:50:24.468,humidity,63.29,1
2385.573,23:50:24.468,noise,52.2,1
2388.653,23:50:27.548,temperature,20.01,1
2388.653,23:50:27.548,humidity,63.39,1
2388.653,23:50:27.548,noise,45.2,1
2391.731,23:50:30.626,temperature,20.03,1
2391.731,23:50:30.626,humidity,63.42,1
2391.731,23:50:30.626,noise,42.8,1
2394.809,23:50:33.704,temperature,20.03,1
2394.860,23:50:33.754,humidity,63.48,1
2394.860,23:50:33.754,noise,43.6,1
2397.937,23:50:36.832,temperature,20.06,1
2397.937,23:50:36.832,humidity,63.61,1
2397.937,23:50:36.832,noise,50.6,1
2401.017,23:50:39.912,temperature,20.06,1
2401.017,23:50:39.912,humidity,63.71,1
2401.017,23:50:39.912,noise,43.5,1
2404.095,23:50:42.990,temperature,20.08,1
2404.095,23:50:42.990,humidity,63.81,1
2404.146,23:50:43.040,noise,42.2,1
2407.224,23:50:46.119,temperature,20.12,1
2407.224,23:50:46.119,humidity,63.93,1
2407.224,23:50:46.119,noise,40.6,1
2410.304,23:50:49.199,temperature,20.12,1
2410.304,23:50:49.199,humidity,64.07,1
2410.304,23:50:49.199,noise,48.7,1
2413.384,23:50:52.279,temperature,20.17,1
2413.384,23:50:52.279,humidity,64.15,1
2413.384,23:50:52.279,noise,41.3,1
2416.514,23:50:55.409,temperature,20.17,1
2416.514,23:50:55.409,humidity,64.26,1
2416.514,23:50:55.409,noise,43.3,1
2419.594,23:50:58.489,temperature,20.2,1
2419.594,23:50:58.489,humidity,64.38,1
2419.594,23:50:58.489,noise,42.7,1
2422.673,23:51:01.568,temperature,20.26,1
2422.673,23:51:01.568,humidity,64.44,1
2422.673,23:51:01.568,noise,41.3,1
2425.750,23:51:04.645,temperature,20.28,1
2425.801,23:51:04.696,humidity,64.53,1
2425.801,23:51:04.696,noise,41.5,1
2428.883,23:51:07.778,temperature,20.3,1
2428.883,23:51:07.778,humidity,64.61,1
2428.883,23:51:07.778,noise,41.1,1
2431.964,23:51:10.859,temperature,20.31,1
2431.964,23:51:10.859,humidity,64.64,1
2431.964,23:51:10.859,noise,41.1,1
2435.045,23:51:13.940,temperature,20.34,1
2435.045,23:51:13.940,humidity,64.69,1
2435.045,23:51:13.940,noise,41.1,1
2438.126,23:51:17.020,temperature,20.34,1
2438.177,23:51:17.071,humidity,64.82,1
2438.177,23:51:17.071,noise,41.4,1
2441.258,23:51:20.153,temperature,20.36,1
2441.258,23:51:20.153,humidity,64.97,1
2441.258,23:51:20.153,noise,41.3,1
2444.338,23:51:23.232,temperature,20.37,1
2444.338,23:51:23.232,humidity,65.16,1
2444.338,23:51:23.232,noise,41.3,1
2447.419,23:51:26.314,temperature,20.4,1
2447.419,23:51:26.314,humidity,65.36,1
2447.419,23:51:26.314,noise,44.9,1
2450.550,23:51:29.445,temperature,20.45,1
2450.550,23:51:29.445,humidity,65.64,1
2450.550,23:51:29.445,noise,41.5,1
2453.631,23:51:32.526,temperature,20.49,1
2453.631,23:51:32.526,humidity,65.89,1
2453.631,23:51:32.526,noise,42.4,1
2456.710,23:51:35.605,temperature,20.52,1
2456.710,23:51:35.605,humidity,66.37,1
2456.710,23:51:35.605,noise,41.5,1
2459.790,23:51:38.685,temperature,20.54,1
2459.790,23:51:38.685,humidity,66.78,1
2459.841,23:51:38.736,noise,45.4,1
2462.920,23:51:41.815,temperature,20.59,1
2462.920,23:51:41.815,humidity,67.16,1
2462.920,23:51:41.815,noise,41.9,1
2466.000,23:51:44.895,temperature,20.63,1
2466.000,23:51:44.895,humidity,67.46,1
2466.000,23:51:44.895,noise,41.1,1
2469.080,23:51:47.975,temperature,20.64,1
2469.080,23:51:47.975,humidity,67.84,1
2469.080,23:51:47.975,noise,41.1,1
2472.166,23:51:51.061,temperature,20.72,1
2472.166,23:51:51.061,humidity,68.27,1
2472.217,23:51:51.112,noise,41.3,1
2475.296,23:51:54.191,temperature,20.79,1
2475.296,23:51:54.191,humidity,68.8,1
2475.296,23:51:54.191,noise,41.0,1
2478.376,23:51:57.271,temperature,20.81,1
2478.376,23:51:57.271,humidity,69.15,1
2478.376,23:51:57.271,noise,41.1,1
2481.456,23:52:00.351,temperature,20.86,1
2481.456,23:52:00.351,humidity,69.36,1
2481.456,23:52:00.351,noise,41.9,1
2484.582,23:52:03.477,temperature,20.91,1
2484.582,23:52:03.477,humidity,69.65,1
2484.582,23:52:03.477,noise,42.2,1
2487.661,23:52:06.556,temperature,20.98,1
2487.661,23:52:06.556,humidity,70.07,1
2487.661,23:52:06.556,noise,42.4,1
2490.740,23:52:09.635,temperature,21.0,1
2490.740,23:52:09.635,humidity,70.43,1
2490.740,23:52:09.635,noise,42.4,1
2493.868,23:52:12.762,temperature,21.07,1
2493.868,23:52:12.763,humidity,70.7,1
2493.868,23:52:12.763,noise,42.3,1
2496.947,23:52:15.842,temperature,21.12,1
2496.947,23:52:15.842,humidity,71.1,1
2496.947,23:52:15.842,noise,42.3,1
2500.028,23:52:18.922,temperature,21.14,1
2500.028,23:52:18.922,humidity,71.37,1
2500.028,23:52:18.922,noise,42.3,1
2503.108,23:52:22.003,temperature,21.19,1
2503.108,23:52:22.003,humidity,71.71,1
2503.159,23:52:22.054,noise,42.4,1
2506.238,23:52:25.133,temperature,21.26,1
2506.238,23:52:25.133,humidity,72.11,1
2506.238,23:52:25.133,noise,42.4,1
2509.318,23:52:28.213,temperature,21.3,1
2509.318,23:52:28.213,humidity,72.54,1
2509.318,23:52:28.213,noise,42.4,1
2512.396,23:52:31.291,temperature,21.33,1
2512.396,23:52:31.291,humidity,72.89,1
2512.396,23:52:31.291,noise,42.5,1
2515.527,23:52:34.422,temperature,21.38,1
2515.527,23:52:34.422,humidity,73.15,1
2515.527,23:52:34.422,noise,42.3,1
2518.609,23:52:37.503,temperature,21.45,1
2518.609,23:52:37.503,humidity,73.34,1
2518.609,23:52:37.504,noise,42.4,1
2521.690,23:52:40.584,temperature,21.5,1
2521.690,23:52:40.584,humidity,73.72,1
2521.690,23:52:40.584,noise,42.2,1
2524.768,23:52:43.663,temperature,21.54,1
2524.768,23:52:43.663,humidity,74.02,1
2524.819,23:52:43.714,noise,42.4,1
2527.900,23:52:46.795,temperature,21.58,1
2527.901,23:52:46.795,humidity,74.18,1
2527.901,23:52:46.795,noise,42.4,1
2530.981,23:52:49.876,temperature,21.62,1
2530.981,23:52:49.876,humidity,74.41,1
2530.981,23:52:49.876,noise,42.3,1
2534.062,23:52:52.957,temperature,21.67,1
2534.062,23:52:52.957,humidity,74.55,1
2534.062,23:52:52.957,noise,42.4,1
2537.141,23:52:56.036,temperature,21.7,1
2537.141,23:52:56.036,humidity,74.71,1
2537.192,23:52:56.086,noise,42.6,1
2540.270,23:52:59.165,temperature,21.75,1
2540.270,23:52:59.165,humidity,74.94,1
2540.270,23:52:59.165,noise,42.3,1
2543.349,23:53:02.243,temperature,21.8,1
2543.349,23:53:02.243,humidity,75.14,1
2543.349,23:53:02.243,noise,42.4,1
2546.429,23:53:05.323,temperature,21.83,1
2546.429,23:53:05.324,humidity,75.29,1
2546.429,23:53:05.324,noise,42.2,1
2549.558,23:53:08.453,temperature,21.86,1
2549.558,23:53:08.453,humidity,75.43,1
2549.558,23:53:08.453,noise,42.4,1
2552.638,23:53:11.533,temperature,21.9,1
2552.638,23:53:11.533,humidity,75.51,1
2552.638,23:53:11.533,noise,42.0,1
2555.717,23:53:14.612,temperature,21.94,1
2555.717,23:53:14.612,humidity,75.76,1
2555.717,23:53:14.612,noise,42.2,1
2558.846,23:53:17.740,temperature,21.97,1
2558.846,23:53:17.740,humidity,75.89,1
2558.846,23:53:17.740,noise,42.2,1
2561.923,23:53:20.818,temperature,22.01,1
2561.923,23:53:20.818,humidity,76.05,1
2561.923,23:53:20.818,noise,42.3,1
2565.002,23:53:23.896,temperature,22.05,1
2565.002,23:53:23.896,humidity,76.29,1
2565.002,23:53:23.896,noise,42.2,1
2568.128,23:53:27.023,temperature,22.08,1
2568.129,23:53:27.023,humidity,76.51,1
2568.129,23:53:27.023,noise,42.3,1
2571.208,23:53:30.103,temperature,22.11,1
2571.208,23:53:30.103,humidity,76.65,1
2571.208,23:53:30.103,noise,42.0,1
2574.286,23:53:33.180,temperature,22.13,1
2574.286,23:53:33.180,humidity,76.77,1
2574.286,23:53:33.180,noise,41.4,1
2577.365,23:53:36.259,temperature,22.15,1
2577.365,23:53:36.259,humidity,76.88,1
2577.415,23:53:36.310,noise,41.1,1
2580.494,23:53:39.388,temperature,22.19,1
2580.494,23:53:39.388,humidity,77.01,1
2580.494,23:53:39.388,noise,41.2,1
2583.573,23:53:42.468,temperature,22.19,1
2583.573,23:53:42.468,humidity,76.98,1
2583.573,23:53:42.468,noise,41.2,1
2586.654,23:53:45.549,temperature,22.23,1
2586.655,23:53:45.549,humidity,76.98,1
2586.655,23:53:45.549,noise,41.2,1
2589.785,23:53:48.680,temperature,22.23,1
2589.785,23:53:48.680,humidity,76.84,1
2589.785,23:53:48.680,noise,41.5,1
2592.864,23:53:51.758,temperature,22.23,1
2592.864,23:53:51.759,humidity,76.73,1
2592.864,23:53:51.759,noise,41.5,1
2595.946,23:53:54.840,temperature,22.23,1
2595.946,23:53:54.840,humidity,76.64,1
2595.946,23:53:54.840,noise,41.4,1
2599.024,23:53:57.919,temperature,22.24,1
2599.024,23:53:57.919,humidity,76.51,1
2599.075,23:53:57.970,noise,41.6,1
2602.154,23:54:01.049,temperature,22.23,1
2602.154,23:54:01.049,humidity,76.43,1
2602.154,23:54:01.049,noise,41.5,1
2605.236,23:54:04.131,temperature,22.25,1
2605.236,23:54:04.131,humidity,76.3,1
2605.236,23:54:04.131,noise,41.4,1
2608.315,23:54:07.210,temperature,22.24,1
2608.315,23:54:07.210,humidity,76.24,1
2608.315,23:54:07.210,noise,41.6,1
2611.446,23:54:10.341,temperature,22.24,1
2611.446,23:54:10.341,humidity,76.1,1
2611.446,23:54:10.341,noise,41.6,1
2614.525,23:54:13.420,temperature,22.24,1
2614.525,23:54:13.420,humidity,76.04,1
2614.525,23:54:13.420,noise,41.5,1
2617.605,23:54:16.499,temperature,22.24,1
2617.605,23:54:16.499,humidity,75.97,1
2617.605,23:54:16.499,noise,41.4,1
2620.684,23:54:19.579,temperature,22.24,1
2620.684,23:54:19.579,humidity,75.91,1
2620.735,23:54:19.630,noise,41.5,1
2623.816,23:54:22.710,temperature,22.24,1
2623.816,23:54:22.710,humidity,75.82,1
2623.816,23:54:22.710,noise,41.6,1
2626.892,23:54:25.787,temperature,22.23,1
2626.892,23:54:25.787,humidity,75.7,1
2626.892,23:54:25.787,noise,41.8,1
2629.971,23:54:28.866,temperature,22.24,1
2629.971,23:54:28.866,humidity,75.65,1
2629.971,23:54:28.866,noise,41.6,1
2633.103,23:54:31.998,temperature,22.22,1
2633.103,23:54:31.998,humidity,75.49,1
2633.103,23:54:31.998,noise,41.8,1
2636.182,23:54:35.076,temperature,22.21,1
2636.182,23:54:35.077,humidity,75.38,1
2636.182,23:54:35.077,noise,41.6,1
2639.258,23:54:38.153,temperature,22.22,1
2639.258,23:54:38.153,humidity,75.27,1
2639.258,23:54:38.153,noise,41.7,1
2642.389,23:54:41.284,temperature,22.22,1
2642.389,23:54:41.284,humidity,75.25,1
2642.389,23:54:41.284,noise,41.7,1
2645.467,23:54:44.362,temperature,22.2,1
2645.467,23:54:44.362,humidity,75.19,1
2645.467,23:54:44.362,noise,41.4,1
2648.544,23:54:47.439,temperature,22.21,1
2648.544,23:54:47.439,humidity,75.14,1
2648.544,23:54:47.439,noise,41.5,1
2651.624,23:54:50.519,temperature,22.19,1
2651.674,23:54:50.569,humidity,75.06,1
2651.674,23:54:50.569,noise,41.5,1
2654.752,23:54:53.647,temperature,22.18,1
2654.752,23:54:53.647,humidity,74.98,1
2654.752,23:54:53.647,noise,41.6,1
2657.827,23:54:56.722,temperature,22.17,1
2657.827,23:54:56.722,humidity,74.87,1
2657.827,23:54:56.722,noise,41.5,1
2660.905,23:54:59.800,temperature,22.15,1
2660.955,23:54:59.850,humidity,74.73,1
2660.955,23:54:59.850,noise,41.4,1
2664.034,23:55:02.929,temperature,22.15,1
2664.034,23:55:02.929,humidity,74.67,1
2664.034,23:55:02.929,noise,41.5,1
2667.112,23:55:06.007,temperature,22.14,1
2667.112,23:55:06.007,humidity,74.6,1
2667.112,23:55:06.007,noise,41.5,1
2670.190,23:55:09.085,temperature,22.11,1
2670.190,23:55:09.085,humidity,74.42,1
2670.241,23:55:09.136,noise,41.3,1
2673.320,23:55:12.214,temperature,22.08,1
2673.320,23:55:12.214,humidity,74.32,1
2673.320,23:55:12.214,noise,41.5,1
2676.400,23:55:15.295,temperature,22.07,1
2676.401,23:55:15.295,humidity,74.21,1
2676.401,23:55:15.295,noise,41.4,1
2679.479,23:55:18.374,temperature,22.05,1
2679.479,23:55:18.374,humidity,74.15,1
2679.479,23:55:18.374,noise,41.6,1
2682.611,23:55:21.506,temperature,22.05,1
2682.611,23:55:21.506,humidity,73.99,1
2682.611,23:55:21.506,noise,41.5,1
2685.692,23:55:24.587,temperature,22.01,1
2685.692,23:55:24.587,humidity,73.91,1
2685.692,23:55:24.587,noise,41.4,1
2688.768,23:55:27.663,temperature,21.99,1
2688.768,23:55:27.663,humidity,73.82,1
2688.768,23:55:27.663,noise,41.4,1
2691.848,23:55:30.742,temperature,22.0,1
2691.898,23:55:30.793,humidity,73.82,1
2691.898,23:55:30.793,noise,41.4,1
2694.976,23:55:33.871,temperature,21.99,1
2694.976,23:55:33.871,humidity,73.81,1
2694.976,23:55:33.871,noise,41.2,1
2698.053,23:55:36.948,temperature,21.99,1
2698.053,23:55:36.948,humidity,73.79,1
2698.053,23:55:36.948,noise,41.5,1
2701.131,23:55:40.025,temperature,22.0,1
2701.131,23:55:40.025,humidity,73.79,1
2701.181,23:55:40.076,noise,41.3,1
2704.256,23:55:43.151,temperature,21.98,1
2704.256,23:55:43.151,humidity,73.78,1
2704.256,23:55:43.151,noise,41.2,1
2707.338,23:55:46.233,temperature,21.97,1
2707.338,23:55:46.233,humidity,73.75,1
2707.338,23:55:46.233,noise,41.5,1
2710.415,23:55:49.310,temperature,21.96,1
2710.415,23:55:49.310,humidity,73.63,1
2710.466,23:55:49.361,noise,41.4,1
2713.545,23:55:52.440,temperature,21.95,1
2713.545,23:55:52.440,humidity,73.62,1
2713.545,23:55:52.440,noise,41.2,1
2716.624,23:55:55.519,temperature,21.93,1
2716.624,23:55:55.519,humidity,73.54,1
2716.624,23:55:55.519,noise,41.5,1
2719.704,23:55:58.599,temperature,21.91,1
2719.704,23:55:58.599,humidity,73.52,1
2719.704,23:55:58.599,noise,41.5,1
2722.835,23:56:01.729,temperature,21.92,1
2722.835,23:56:01.729,humidity,73.48,1
2722.835,23:56:01.729,noise,41.3,1
2725.915,23:56:04.809,temperature,21.93,1
2725.915,23:56:04.809,humidity,73.45,1
2725.915,23:56:04.809,noise,41.5,1
2728.991,23:56:07.886,temperature,21.89,1
2728.991,23:56:07.886,humidity,73.4,1
2728.991,23:56:07.886,noise,41.4,1
2732.071,23:56:10.966,temperature,21.89,1
2732.122,23:56:11.017,humidity,73.37,1
2732.122,23:56:11.017,noise,41.4,1
2735.202,23:56:14.097,temperature,21.88,1
2735.203,23:56:14.097,humidity,73.37,1
2735.203,23:56:14.097,noise,41.7,1
2738.282,23:56:17.177,temperature,21.89,1
2738.283,23:56:17.177,humidity,73.37,1
2738.283,23:56:17.177,noise,41.7,1
2741.363,23:56:20.258,temperature,21.88,1
2741.363,23:56:20.258,humidity,73.36,1
2741.363,23:56:20.258,noise,41.4,1
2744.492,23:56:23.387,temperature,21.84,1
2744.492,23:56:23.387,humidity,73.4,1
2744.492,23:56:23.387,noise,41.4,1
2747.573,23:56:26.468,temperature,21.84,1
2747.573,23:56:26.468,humidity,73.38,1
2747.573,23:56:26.468,noise,41.4,1
2750.652,23:56:29.547,temperature,21.84,1
2750.652,23:56:29.547,humidity,73.4,1
2750.652,23:56:29.547,noise,41.6,1
2753.729,23:56:32.624,temperature,21.87,1
2753.780,23:56:32.674,humidity,73.36,1
2753.780,23:56:32.674,noise,41.6,1
2756.860,23:56:35.755,temperature,21.84,1
2756.860,23:56:35.755,humidity,73.39,1
2756.860,23:56:35.755,noise,41.5,1
2759.940,23:56:38.835,temperature,21.83,1
2759.940,23:56:38.835,humidity,73.43,1
2759.940,23:56:38.835,noise,41.4,1
2763.021,23:56:41.916,temperature,21.82,1
2763.021,23:56:41.916,humidity,73.39,1
2763.021,23:56:41.916,noise,41.2,1
2766.151,23:56:45.046,temperature,21.81,1
2766.151,23:56:45.046,humidity,73.42,1
2766.151,23:56:45.046,noise,41.3,1
2769.232,23:56:48.127,temperature,21.82,1
2769.232,23:56:48.127,humidity,73.44,1
2769.232,23:56:48.127,noise,41.2,1
2772.310,23:56:51.205,temperature,21.83,1
2772.310,23:56:51.205,humidity,73.49,1
2772.310,23:56:51.205,noise,41.1,1
2775.389,23:56:54.284,temperature,21.8,1
2775.440,23:56:54.335,humidity,73.46,1
2775.440,23:56:54.335,noise,41.1,1
2778.522,23:56:57.417,temperature,21.82,1
2778.523,23:56:57.417,humidity,73.46,1
2778.523,23:56:57.417,noise,41.2,1
2781.601,23:57:00.495,temperature,21.82,1
2781.601,23:57:00.496,humidity,73.47,1
2781.601,23:57:00.496,noise,41.2,1
2784.680,23:57:03.575,temperature,21.82,1
2784.680,23:57:03.575,humidity,73.48,1
2784.680,23:57:03.575,noise,41.2,1
2787.811,23:57:06.706,temperature,21.83,1
2787.811,23:57:06.706,humidity,73.48,1
2787.811,23:57:06.706,noise,41.3,1
2790.889,23:57:09.784,temperature,21.8,1
2790.889,23:57:09.784,humidity,73.49,1
2790.889,23:57:09.784,noise,41.0,1
2793.968,23:57:12.863,temperature,21.78,1
2793.968,23:57:12.863,humidity,73.44,1
2793.968,23:57:12.863,noise,41.1,1
2797.048,23:57:15.943,temperature,21.79,1
2797.099,23:57:15.994,humidity,73.47,1
2797.099,23:57:15.994,noise,41.1,1
2800.178,23:57:19.072,temperature,21.79,1
2800.178,23:57:19.072,humidity,73.43,1
2800.178,23:57:19.072,noise,41.2,1
2803.258,23:57:22.153,temperature,21.79,1
2803.258,23:57:22.153,humidity,73.46,1
2803.258,23:57:22.153,noise,41.0,1
2806.337,23:57:25.232,temperature,21.77,1
2806.337,23:57:25.232,humidity,73.42,1
2806.337,23:57:25.232,noise,41.3,1
2809.467,23:57:28.361,temperature,21.76,1
2809.467,23:57:28.362,humidity,73.43,1
2809.467,23:57:28.362,noise,41.2,1
2812.547,23:57:31.442,temperature,21.75,1
2812.547,23:57:31.442,humidity,73.38,1
2812.547,23:57:31.442,noise,41.1,1
2815.625,23:57:34.519,temperature,21.74,1
2815.625,23:57:34.519,humidity,73.32,1
2815.625,23:57:34.519,noise,41.0,1
2818.706,23:57:37.601,temperature,21.73,1
2818.757,23:57:37.651,humidity,73.27,1
2818.757,23:57:37.652,noise,41.1,1
2821.838,23:57:40.733,temperature,21.72,1
2821.838,23:57:40.733,humidity,73.2,1
2821.838,23:57:40.733,noise,41.3,1
2824.917,23:57:43.812,temperature,21.73,1
2824.917,23:57:43.812,humidity,73.15,1
2824.917,23:57:43.812,noise,41.5,1
2827.997,23:57:46.892,temperature,21.71,1
2827.997,23:57:46.892,humidity,73.05,1
2827.997,23:57:46.892,noise,41.3,1
2831.129,23:57:50.024,temperature,21.73,1
2831.129,23:57:50.024,humidity,72.97,1
2831.129,23:57:50.024,noise,41.4,1
2834.210,23:57:53.105,temperature,21.72,1
2834.210,23:57:53.105,humidity,72.87,1
2834.210,23:57:53.105,noise,41.3,1
2837.289,23:57:56.184,temperature,21.71,1
2837.289,23:57:56.184,humidity,72.82,1
2837.289,23:57:56.184,noise,41.5,1
2840.372,23:57:59.266,temperature,21.71,1
2840.372,23:57:59.266,humidity,72.73,1
2840.423,23:57:59.317,noise,41.2,1
2843.502,23:58:02.397,temperature,21.68,1
2843.502,23:58:02.397,humidity,72.71,1
2843.502,23:58:02.397,noise,41.5,1
2846.582,23:58:05.477,temperature,21.66,1
2846.582,23:58:05.477,humidity,72.62,1
2846.582,23:58:05.477,noise,41.6,1
2849.658,23:58:08.553,temperature,21.67,1
2849.658,23:58:08.553,humidity,72.61,1
2849.658,23:58:08.553,noise,41.8,1
2852.790,23:58:11.685,temperature,21.64,1
2852.790,23:58:11.685,humidity,72.54,1
2852.790,23:58:11.685,noise,41.5,1
2855.871,23:58:14.765,temperature,21.63,1
2855.871,23:58:14.765,humidity,72.48,1
2855.871,23:58:14.765,noise,41.6,1
2858.952,23:58:17.847,temperature,21.64,1
2858.952,23:58:17.847,humidity,72.48,1
2858.952,23:58:17.847,noise,41.4,1
2862.029,23:58:20.923,temperature,21.63,1
2862.029,23:58:20.924,humidity,72.36,1
2862.080,23:58:20.974,noise,41.5,1
2865.157,23:58:24.052,temperature,21.61,1
2865.157,23:58:24.052,humidity,72.3,1
2865.157,23:58:24.052,noise,41.0,1
2868.238,23:58:27.133,temperature,21.63,1
2868.238,23:58:27.133,humidity,72.23,1
2868.238,23:58:27.133,noise,41.2,1
2871.318,23:58:30.212,temperature,21.61,1
2871.318,23:58:30.212,humidity,72.22,1
2871.318,23:58:30.212,noise,41.1,1
2874.447,23:58:33.341,temperature,21.59,1
2874.447,23:58:33.341,humidity,72.16,1
2874.447,23:58:33.341,noise,41.2,1
2877.526,23:58:36.420,temperature,21.61,1
2877.526,23:58:36.420,humidity,72.11,1
2877.526,23:58:36.420,noise,41.2,1
2880.606,23:58:39.501,temperature,21.6,1
2880.606,23:58:39.501,humidity,72.05,1
2880.606,23:58:39.501,noise,41.2,1
2883.683,23:58:42.578,temperature,21.57,1
2883.734,23:58:42.629,humidity,72.03,1
2883.734,23:58:42.629,noise,41.1,1
2886.816,23:58:45.711,temperature,21.58,1
2886.816,23:58:45.711,humidity,72.02,1
2886.816,23:58:45.711,noise,41.2,1
2889.895,23:58:48.790,temperature,21.58,1
2889.896,23:58:48.790,humidity,71.97,1
2889.896,23:58:48.790,noise,41.1,1
2892.976,23:58:51.871,temperature,21.59,1
2892.976,23:58:51.871,humidity,72.02,1
2892.976,23:58:51.871,noise,41.1,1
2896.108,23:58:55.003,temperature,21.57,1
2896.108,23:58:55.003,humidity,72.06,1
2896.108,23:58:55.003,noise,41.1,1
2899.189,23:58:58.084,temperature,21.57,1
2899.189,23:58:58.084,humidity,72.09,1
2899.189,23:58:58.084,noise,41.0,1
2902.271,23:59:01.165,temperature,21.58,1
2902.271,23:59:01.166,humidity,72.12,1
2902.271,23:59:01.166,noise,41.4,1
2905.353,23:59:04.247,temperature,21.57,1
2905.353,23:59:04.247,humidity,72.14,1
2905.353,23:59:04.247,noise,41.4,1
2908.482,23:59:07.376,temperature,21.55,1
2908.482,23:59:07.376,humidity,72.18,1
2908.482,23:59:07.376,noise,41.4,1
2911.562,23:59:10.457,temperature,21.58,1
2911.562,23:59:10.457,humidity,72.15,1
2911.562,23:59:10.457,noise,41.1,1
2914.644,23:59:13.539,temperature,21.52,1
2914.644,23:59:13.539,humidity,72.07,1
2914.644,23:59:13.539,noise,41.2,1
2917.725,23:59:16.620,temperature,21.56,1
2917.725,23:59:16.620,humidity,71.96,1
2917.775,23:59:16.670,noise,41.4,1
2920.856,23:59:19.751,temperature,21.55,1
2920.856,23:59:19.751,humidity,71.94,1
2920.856,23:59:19.751,noise,41.3,1
2923.936,23:59:22.831,temperature,21.55,1
2923.936,23:59:22.831,humidity,71.95,1
2923.936,23:59:22.831,noise,41.3,1
2927.015,23:59:25.909,temperature,21.57,1
2927.015,23:59:25.910,humidity,71.88,1
2927.015,23:59:25.910,noise,41.1,1
2930.144,23:59:29.039,temperature,21.55,1
2930.144,23:59:29.039,humidity,71.84,1
2930.144,23:59:29.039,noise,41.4,1
2933.222,23:59:32.117,temperature,21.55,1
2933.222,23:59:32.117,humidity,71.78,1
2933.222,23:59:32.117,noise,41.3,1
2936.302,23:59:35.197,temperature,21.55,1
2936.302,23:59:35.197,humidity,71.8,1
2936.302,23:59:35.197,noise,41.2,1
2939.384,23:59:38.278,temperature,21.53,1
2939.384,23:59:38.278,humidity,71.8,1
2939.434,23:59:38.329,noise,41.3,1
2942.515,23:59:41.409,temperature,21.56,1
2942.515,23:59:41.409,humidity,71.75,1
2942.515,23:59:41.409,noise,41.1,1
2945.595,23:59:44.489,temperature,21.55,1
2945.595,23:59:44.489,humidity,71.65,1
2945.595,23:59:44.489,noise,41.1,1
2948.672,23:59:47.567,temperature,21.56,1
2948.672,23:59:47.567,humidity,71.62,1
2948.672,23:59:47.567,noise,41.3,1
2951.804,23:59:50.699,temperature,21.55,1
2951.804,23:59:50.699,humidity,71.62,1
2951.804,23:59:50.699,noise,41.3,1
2954.884,23:59:53.778,temperature,21.55,1
2954.884,23:59:53.778,humidity,71.61,1
2954.884,23:59:53.778,noise,41.2,1
2957.963,23:59:56.858,temperature,21.56,1
2957.963,23:59:56.858,humidity,71.62,1
2957.963,23:59:56.858,noise,41.5,1
2961.045,23:59:59.940,temperature,21.56,1
2961.045,23:59:59.940,humidity,71.62,1
2961.045,23:59:59.940,noise,41.4,1
2964.173,00:00:03.068,temperature,21.53,1
2964.173,00:00:03.068,humidity,71.54,1
2964.173,00:00:03.068,noise,41.4,1
2967.253,00:00:06.148,temperature,21.53,1
2967.253,00:00:06.148,humidity,71.55,1
2967.253,00:00:06.148,noise,41.6,1
2970.333,00:00:09.228,temperature,21.54,1
2970.333,00:00:09.228,humidity,71.49,1
2970.333,00:00:09.228,noise,41.4,1
2973.463,00:00:12.358,temperature,21.52,1
2973.463,00:00:12.358,humidity,71.48,1
2973.463,00:00:12.358,noise,41.2,1
2976.543,00:00:15.438,temperature,21.51,1
2976.543,00:00:15.438,humidity,71.43,1
2976.543,00:00:15.438,noise,41.4,1
2979.624,00:00:18.519,temperature,21.51,1
2979.624,00:00:18.519,humidity,71.4,1
2979.624,00:00:18.519,noise,41.3,1
2982.703,00:00:21.597,temperature,21.52,1
2982.703,00:00:21.597,humidity,71.38,1
2982.753,00:00:21.648,noise,41.3,1
2985.832,00:00:24.727,temperature,21.53,1
2985.832,00:00:24.727,humidity,71.39,1
2985.832,00:00:24.727,noise,41.3,1
2988.913,00:00:27.808,temperature,21.52,1
2988.913,00:00:27.808,humidity,71.4,1
2988.913,00:00:27.808,noise,41.2,1
2991.991,00:00:30.886,temperature,21.52,1
2991.991,00:00:30.886,humidity,71.39,1
2991.991,00:00:30.886,noise,41.3,1
2995.119,00:00:34.014,temperature,21.53,1
2995.119,00:00:34.014,humidity,71.37,1
2995.119,00:00:34.014,noise,41.4,1
2998.200,00:00:37.094,temperature,21.53,1
2998.200,00:00:37.094,humidity,71.39,1
2998.200,00:00:37.094,noise,42.6,1
3001.278,00:00:40.173,temperature,21.52,1
3001.278,00:00:40.173,humidity,71.41,1
3001.278,00:00:40.173,noise,41.6,1
3004.359,00:00:43.254,temperature,21.51,1
3004.359,00:00:43.254,humidity,71.43,1
3004.410,00:00:43.305,noise,44.4,1
3007.491,00:00:46.386,temperature,21.54,1
3007.491,00:00:46.386,humidity,71.41,1
3007.491,00:00:46.386,noise,46.2,1
3010.571,00:00:49.466,temperature,21.54,1
3010.571,00:00:49.466,humidity,71.4,1
3010.571,00:00:49.466,noise,48.2,1
3013.651,00:00:52.546,temperature,21.55,1
3013.651,00:00:52.546,humidity,71.39,1
3013.651,00:00:52.546,noise,30.0,1
3016.779,00:00:55.674,temperature,21.52,1
3016.779,00:00:55.674,humidity,71.38,1
3016.779,00:00:55.674,noise,49.0,1
3019.859,00:00:58.754,temperature,21.53,1
3019.859,00:00:58.754,humidity,71.39,1
3019.859,00:00:58.754,noise,47.0,1
3022.939,00:01:01.834,temperature,21.51,1
3022.939,00:01:01.834,humidity,71.35,1
3022.939,00:01:01.834,noise,73.0,1
3026.016,00:01:04.911,temperature,21.49,1
3026.066,00:01:04.961,humidity,71.27,1
3026.066,00:01:04.961,noise,44.3,1
3029.145,00:01:08.040,temperature,21.48,1
3029.145,00:01:08.040,humidity,71.2,1
3029.145,00:01:08.040,noise,53.2,1
3032.223,00:01:11.118,temperature,21.49,1
3032.223,00:01:11.118,humidity,71.14,1
3032.223,00:01:11.118,noise,45.8,1
3035.300,00:01:14.195,temperature,21.47,1
3035.301,00:01:14.195,humidity,70.97,1
3035.351,00:01:14.246,noise,45.5,1
3038.430,00:01:17.324,temperature,21.44,1
3038.430,00:01:17.324,humidity,70.88,1
3038.430,00:01:17.324,noise,42.2,1
3041.507,00:01:20.402,temperature,21.44,1
3041.508,00:01:20.402,humidity,70.72,1
3041.508,00:01:20.402,noise,42.9,1
3044.590,00:01:23.484,temperature,21.45,1
3044.590,00:01:23.485,humidity,70.61,1
3044.590,00:01:23.485,noise,46.3,1
3047.719,00:01:26.614,temperature,21.41,1
3047.719,00:01:26.614,humidity,70.42,1
3047.719,00:01:26.614,noise,51.4,1
3050.799,00:01:29.693,temperature,21.4,1
3050.799,00:01:29.693,humidity,70.34,1
3050.799,00:01:29.693,noise,45.2,1
3053.878,00:01:32.773,temperature,21.38,1
3053.878,00:01:32.773,humidity,70.19,1
3053.878,00:01:32.773,noise,43.4,1
3056.959,00:01:35.853,temperature,21.36,1
3056.959,00:01:35.853,humidity,70.12,1
3057.009,00:01:35.904,noise,41.0,1
3060.089,00:01:38.983,temperature,21.34,1
3060.089,00:01:38.983,humidity,70.0,1
3060.089,00:01:38.983,noise,44.2,1
3063.166,00:01:42.060,temperature,21.33,1
3063.166,00:01:42.060,humidity,70.09,1
3063.166,00:01:42.060,noise,42.9,1
3066.246,00:01:45.141,temperature,21.35,1
3066.246,00:01:45.141,humidity,70.3,1
3066.246,00:01:45.141,noise,43.3,1
3069.375,00:01:48.270,temperature,21.34,1
3069.375,00:01:48.270,humidity,70.42,1
3069.375,00:01:48.270,noise,46.0,1
3072.456,00:01:51.351,temperature,21.34,1
3072.456,00:01:51.351,humidity,70.67,1
3072.456,00:01:51.351,noise,43.8,1
3075.536,00:01:54.431,temperature,21.31,1
3075.536,00:01:54.431,humidity,70.8,1
3075.536,00:01:54.431,noise,43.8,1
3078.665,00:01:57.559,temperature,21.26,1
3078.665,00:01:57.559,humidity,70.65,1
3078.665,00:01:57.559,noise,42.4,1
3081.745,00:02:00.640,temperature,21.24,1
3081.745,00:02:00.640,humidity,70.52,1
3081.745,00:02:00.640,noise,43.8,1
3084.825,00:02:03.720,temperature,21.27,1
3084.825,00:02:03.720,humidity,70.48,1
3084.825,00:02:03.720,noise,41.7,1
3087.905,00:02:06.799,temperature,21.22,1
3087.905,00:02:06.799,humidity,70.44,1
3087.955,00:02:06.850,noise,42.4,1
3091.036,00:02:09.931,temperature,21.25,1
3091.036,00:02:09.931,humidity,70.45,1
3091.036,00:02:09.931,noise,43.5,1
3094.117,00:02:13.012,temperature,21.23,1
3094.117,00:02:13.012,humidity,70.65,1
3094.117,00:02:13.012,noise,42.6,1
3097.198,00:02:16.092,temperature,21.24,1
3097.198,00:02:16.093,humidity,70.86,1
3097.198,00:02:16.093,noise,45.2,1
3100.278,00:02:19.173,temperature,21.25,1
3100.278,00:02:19.173,humidity,70.92,1
3100.329,00:02:19.223,noise,43.3,1
3103.409,00:02:22.304,temperature,21.21,1
3103.409,00:02:22.304,humidity,70.87,1
3103.409,00:02:22.304,noise,42.3,1
3106.488,00:02:25.383,temperature,21.18,1
3106.488,00:02:25.383,humidity,70.78,1
3106.488,00:02:25.383,noise,45.5,1
3109.568,00:02:28.463,temperature,21.17,1
3109.568,00:02:28.463,humidity,70.68,1
3109.568,00:02:28.463,noise,42.9,1
3112.699,00:02:31.594,temperature,21.15,1
3112.699,00:02:31.594,humidity,70.62,1
3112.699,00:02:31.594,noise,41.7,1
3115.778,00:02:34.673,temperature,21.16,1
3115.778,00:02:34.673,humidity,70.58,1
3115.778,00:02:34.673,noise,42.1,1
3118.859,00:02:37.754,temperature,21.14,1
3118.859,00:02:37.754,humidity,70.51,1
3118.859,00:02:37.754,noise,45.0,1
3121.940,00:02:40.835,temperature,21.11,1
3121.940,00:02:40.835,humidity,70.42,1
3121.991,00:02:40.885,noise,42.0,1
3125.072,00:02:43.966,temperature,21.07,1
3125.072,00:02:43.966,humidity,70.25,1
3125.072,00:02:43.966,noise,43.0,1
3128.151,00:02:47.046,temperature,21.06,1
3128.151,00:02:47.046,humidity,70.12,1
3128.151,00:02:47.046,noise,42.9,1
3131.233,00:02:50.128,temperature,21.02,1
3131.233,00:02:50.128,humidity,70.1,1
3131.233,00:02:50.128,noise,41.5,1
3134.312,00:02:53.207,temperature,21.03,1
3134.362,00:02:53.257,humidity,70.17,1
3134.362,00:02:53.257,noise,41.8,1
3137.441,00:02:56.336,temperature,21.03,1
3137.441,00:02:56.336,humidity,70.21,1
3137.442,00:02:56.336,noise,41.7,1
3140.520,00:02:59.415,temperature,20.99,1
3140.520,00:02:59.415,humidity,70.07,1
3140.520,00:02:59.415,noise,42.1,1
3143.597,00:03:02.492,temperature,20.97,1
3143.597,00:03:02.492,humidity,70.04,1
3143.648,00:03:02.543,noise,42.2,1
3146.728,00:03:05.623,temperature,20.98,1
3146.728,00:03:05.623,humidity,70.2,1
3146.728,00:03:05.623,noise,43.6,1
3149.807,00:03:08.702,temperature,20.94,1
3149.807,00:03:08.702,humidity,70.16,1
3149.807,00:03:08.702,noise,42.0,1
3152.886,00:03:11.781,temperature,20.95,1
3152.887,00:03:11.781,humidity,70.11,1
3152.887,00:03:11.781,noise,44.2,1
3156.014,00:03:14.908,temperature,20.94,1
3156.014,00:03:14.909,humidity,70.04,1
3156.014,00:03:14.909,noise,43.0,1
3159.093,00:03:17.988,temperature,20.93,1
3159.093,00:03:17.988,humidity,69.98,1
3159.093,00:03:17.988,noise,44.1,1
3162.171,00:03:21.066,temperature,20.92,1
3162.171,00:03:21.066,humidity,69.94,1
3162.171,00:03:21.066,noise,42.8,1
3165.301,00:03:24.196,temperature,20.91,1
3165.301,00:03:24.196,humidity,69.86,1
3165.301,00:03:24.196,noise,42.5,1
3168.377,00:03:27.272,temperature,20.89,1
3168.377,00:03:27.272,humidity,69.73,1
3168.377,00:03:27.272,noise,44.6,1
3171.456,00:03:30.351,temperature,20.9,1
3171.456,00:03:30.351,humidity,69.66,1
3171.456,00:03:30.351,noise,48.7,1
3174.536,00:03:33.430,temperature,20.86,1
3174.586,00:03:33.481,humidity,69.59,1
3174.586,00:03:33.481,noise,46.8,1
3177.666,00:03:36.561,temperature,20.87,1
3177.666,00:03:36.561,humidity,69.64,1
3177.666,00:03:36.561,noise,44.7,1
3180.747,00:03:39.642,temperature,20.89,1
3180.747,00:03:39.642,humidity,69.67,1
3180.747,00:03:39.642,noise,54.7,1
3183.825,00:03:42.720,temperature,20.88,1
3183.825,00:03:42.720,humidity,69.6,1
3183.825,00:03:42.720,noise,46.4,1
3186.956,00:03:45.851,temperature,20.86,1
3186.956,00:03:45.851,humidity,69.49,1
3186.956,00:03:45.851,noise,50.9,1
3190.038,00:03:48.932,temperature,20.85,1
3190.038,00:03:48.932,humidity,69.43,1
3190.038,00:03:48.932,noise,51.6,1
3193.117,00:03:52.012,temperature,20.84,1
3193.117,00:03:52.012,humidity,69.27,1
3193.117,00:03:52.012,noise,45.4,1
3196.194,00:03:55.089,temperature,20.86,1
3196.245,00:03:55.140,humidity,69.16,1
3196.245,00:03:55.140,noise,49.6,1
3199.325,00:03:58.220,temperature,20.82,1
3199.325,00:03:58.220,humidity,68.99,1
3199.325,00:03:58.220,noise,48.7,1
3202.406,00:04:01.301,temperature,20.82,1
3202.406,00:04:01.301,humidity,68.87,1
3202.406,00:04:01.301,noise,45.4,1
3205.485,00:04:04.380,temperature,20.79,1
3205.485,00:04:04.380,humidity,68.77,1
3205.485,00:04:04.380,noise,41.6,1
3208.610,00:04:07.505,temperature,20.79,1
3208.610,00:04:07.505,humidity,68.67,1
3208.610,00:04:07.505,noise,42.3,1
3211.690,00:04:10.585,temperature,20.77,1
3211.690,00:04:10.585,humidity,68.65,1
3211.690,00:04:10.585,noise,42.7,1
3214.772,00:04:13.666,temperature,20.76,1
3214.772,00:04:13.666,humidity,68.62,1
3214.772,00:04:13.667,noise,46.0,1
3217.902,00:04:16.797,temperature,20.76,1
3217.902,00:04:16.797,humidity,68.58,1
3217.902,00:04:16.797,noise,40.8,1
3220.980,00:04:19.874,temperature,20.77,1
3220.980,00:04:19.874,humidity,68.55,1
3220.980,00:04:19.875,noise,40.8,1
3224.058,00:04:22.953,temperature,20.76,1
3224.058,00:04:22.953,humidity,68.49,1
3224.058,00:04:22.953,noise,42.7,1
3227.136,00:04:26.031,temperature,20.77,1
3227.187,00:04:26.081,humidity,68.39,1
3227.187,00:04:26.081,noise,45.3,1
3230.268,00:04:29.163,temperature,20.75,1
3230.268,00:04:29.163,humidity,68.33,1
3230.268,00:04:29.163,noise,41.2,1
3233.350,00:04:32.244,temperature,20.7,1
3233.350,00:04:32.245,humidity,68.26,1
3233.350,00:04:32.245,noise,42.8,1
3236.428,00:04:35.323,temperature,20.69,1
3236.428,00:04:35.323,humidity,68.13,1
3236.428,00:04:35.323,noise,41.5,1
3239.555,00:04:38.449,temperature,20.68,1
3239.555,00:04:38.449,humidity,68.1,1
3239.555,00:04:38.449,noise,45.0,1
3242.635,00:04:41.530,temperature,20.68,1
3242.635,00:04:41.530,humidity,68.05,1
3242.635,00:04:41.530,noise,43.1,1
3245.713,00:04:44.608,temperature,20.63,1
3245.713,00:04:44.608,humidity,67.95,1
3245.713,00:04:44.608,noise,45.1,1
3248.843,00:04:47.738,temperature,20.62,1
3248.844,00:04:47.738,humidity,67.87,1
3248.844,00:04:47.738,noise,43.3,1
3251.924,00:04:50.819,temperature,20.57,1
3251.924,00:04:50.819,humidity,67.84,1
3251.924,00:04:50.819,noise,41.7,1
3255.003,00:04:53.898,temperature,20.58,1
3255.003,00:04:53.898,humidity,67.83,1
3255.003,00:04:53.898,noise,41.7,1
3258.081,00:04:56.976,temperature,20.57,1
3258.081,00:04:56.976,humidity,67.75,1
3258.132,00:04:57.026,noise,42.4,1
3261.217,00:05:00.112,temperature,20.57,1
3261.217,00:05:00.112,humidity,67.78,1
3261.217,00:05:00.112,noise,42.5,1
3264.292,00:05:03.187,temperature,20.57,1
3264.292,00:05:03.187,humidity,67.75,1
3264.292,00:05:03.187,noise,42.8,1
3267.370,00:05:06.265,temperature,20.54,1
3267.370,00:05:06.265,humidity,67.73,1
3267.370,00:05:06.265,noise,59.2,1
3270.499,00:05:09.393,temperature,20.54,1
3270.499,00:05:09.393,humidity,67.74,1
3270.499,00:05:09.393,noise,54.4,1
3273.575,00:05:12.470,temperature,20.54,1
3273.575,00:05:12.470,humidity,67.66,1
3273.575,00:05:12.470,noise,43.3,1
3276.656,00:05:15.551,temperature,20.55,1
3276.656,00:05:15.551,humidity,67.62,1
3276.656,00:05:15.551,noise,43.4,1
3279.738,00:05:18.633,temperature,20.53,1
3279.738,00:05:18.633,humidity,67.63,1
3279.789,00:05:18.684,noise,48.3,1
3282.870,00:05:21.765,temperature,20.52,1
3282.870,00:05:21.765,humidity,67.58,1
3282.870,00:05:21.765,noise,42.9,1
3285.950,00:05:24.845,temperature,20.53,1
3285.950,00:05:24.845,humidity,67.5,1
3285.950,00:05:24.845,noise,42.6,1
3289.027,00:05:27.921,temperature,20.49,1
3289.027,00:05:27.921,humidity,67.4,1
3289.027,00:05:27.921,noise,48.6,1
3292.154,00:05:31.049,temperature,20.5,1
3292.154,00:05:31.049,humidity,67.41,1
3292.154,00:05:31.049,noise,45.9,1
3295.232,00:05:34.127,temperature,20.48,1
3295.232,00:05:34.127,humidity,67.36,1
3295.232,00:05:34.127,noise,43.2,1
3298.310,00:05:37.205,temperature,20.48,1
3298.310,00:05:37.205,humidity,67.29,1
3298.310,00:05:37.205,noise,43.4,1
3301.439,00:05:40.334,temperature,20.49,1
3301.439,00:05:40.334,humidity,67.28,1
3301.439,00:05:40.334,noise,43.2,1
3304.516,00:05:43.410,temperature,20.47,1
3304.516,00:05:43.410,humidity,67.21,1
3304.516,00:05:43.410,noise,42.6,1
3307.593,00:05:46.488,temperature,20.46,1
3307.593,00:05:46.488,humidity,67.2,1
3307.593,00:05:46.488,noise,45.2,1
3310.722,00:05:49.617,temperature,20.45,1
3310.722,00:05:49.617,humidity,67.11,1
3310.723,00:05:49.617,noise,63.0,1
3313.801,00:05:52.696,temperature,20.43,1
3313.801,00:05:52.696,humidity,67.05,1
3313.801,00:05:52.696,noise,45.5,1
3316.882,00:05:55.777,temperature,20.41,1
3316.882,00:05:55.777,humidity,66.99,1
3316.882,00:05:55.777,noise,40.9,1
3319.962,00:05:58.857,temperature,20.41,1
3320.012,00:05:58.907,humidity,66.91,1
3320.012,00:05:58.907,noise,40.9,1
3323.091,00:06:01.986,temperature,20.4,1
3323.091,00:06:01.986,humidity,66.89,1
3323.091,00:06:01.986,noise,40.7,1
3326.170,00:06:05.065,temperature,20.38,1
3326.170,00:06:05.065,humidity,66.8,1
3326.170,00:06:05.065,noise,41.3,1
3329.250,00:06:08.145,temperature,20.38,1
3329.250,00:06:08.145,humidity,66.77,1
3329.250,00:06:08.145,noise,41.8,1
3332.380,00:06:11.275,temperature,20.36,1
3332.380,00:06:11.275,humidity,66.69,1
3332.380,00:06:11.275,noise,42.0,1
3335.458,00:06:14.353,temperature,20.35,1
3335.458,00:06:14.353,humidity,66.61,1
3335.458,00:06:14.353,noise,73.7,1
3338.532,00:06:17.427,temperature,20.32,1
3338.532,00:06:17.427,humidity,66.47,1
3338.532,00:06:17.427,noise,43.3,1
3341.661,00:06:20.556,temperature,20.3,1
3341.661,00:06:20.556,humidity,66.39,1
3341.661,00:06:20.556,noise,44.7,1
3344.739,00:06:23.634,temperature,20.29,1
3344.739,00:06:23.634,humidity,66.36,1
3344.739,00:06:23.634,noise,41.4,1
3347.818,00:06:26.713,temperature,20.28,1
3347.818,00:06:26.713,humidity,66.33,1
3347.818,00:06:26.713,noise,41.9,1
3350.944,00:06:29.838,temperature,20.26,1
3350.944,00:06:29.838,humidity,66.28,1
3350.944,00:06:29.838,noise,41.6,1
3354.021,00:06:32.916,temperature,20.24,1
3354.021,00:06:32.916,humidity,66.24,1
3354.021,00:06:32.916,noise,40.9,1
3357.099,00:06:35.994,temperature,20.23,1
3357.099,00:06:35.994,humidity,66.27,1
3357.099,00:06:35.994,noise,41.1,1
3360.227,00:06:39.121,temperature,20.22,1
3360.227,00:06:39.122,humidity,66.22,1
3360.227,00:06:39.122,noise,44.1,1
3363.305,00:06:42.200,temperature,20.23,1
3363.305,00:06:42.200,humidity,66.17,1
3363.305,00:06:42.200,noise,43.2,1
3366.385,00:06:45.280,temperature,20.21,1
3366.385,00:06:45.280,humidity,66.1,1
3366.385,00:06:45.280,noise,42.1,1
3369.466,00:06:48.360,temperature,20.22,1
3369.516,00:06:48.411,humidity,66.05,1
3369.516,00:06:48.411,noise,42.6,1
3372.594,00:06:51.489,temperature,20.21,1
3372.594,00:06:51.489,humidity,66.07,1
3372.594,00:06:51.489,noise,41.4,1
3375.671,00:06:54.566,temperature,20.21,1
3375.671,00:06:54.566,humidity,66.04,1
3375.671,00:06:54.566,noise,42.2,1
3378.749,00:06:57.644,temperature,20.21,1
3378.799,00:06:57.694,humidity,65.92,1
3378.800,00:06:57.694,noise,40.9,1
3381.876,00:07:00.771,temperature,20.16,1
3381.876,00:07:00.771,humidity,65.82,1
3381.876,00:07:00.771,noise,40.7,1
3384.955,00:07:03.850,temperature,20.16,1
3384.955,00:07:03.850,humidity,65.76,1
3384.955,00:07:03.850,noise,48.4,1
3388.080,00:07:06.974,temperature,20.16,1
3388.080,00:07:06.974,humidity,65.67,1
3388.080,00:07:06.974,noise,41.3,1
3391.155,00:07:10.050,temperature,20.14,1
3391.155,00:07:10.050,humidity,65.63,1
3391.155,00:07:10.050,noise,40.5,1
3394.231,00:07:13.126,temperature,20.11,1
3394.231,00:07:13.126,humidity,65.63,1
3394.231,00:07:13.126,noise,41.8,1
3397.356,00:07:16.251,temperature,20.1,1
3397.356,00:07:16.251,humidity,65.5,1
3397.356,00:07:16.251,noise,42.3,1
3400.433,00:07:19.328,temperature,20.06,1
3400.433,00:07:19.328,humidity,65.43,1
3400.433,00:07:19.328,noise,40.7,1
3403.512,00:07:22.407,temperature,20.07,1
3403.512,00:07:22.407,humidity,65.4,1
3403.512,00:07:22.407,noise,41.4,1
3406.636,00:07:25.531,temperature,20.07,1
3406.636,00:07:25.531,humidity,65.39,1
3406.636,00:07:25.531,noise,40.6,1
3409.712,00:07:28.607,temperature,20.07,1
3409.712,00:07:28.607,humidity,65.32,1
3409.712,00:07:28.607,noise,40.4,1
3412.787,00:07:31.682,temperature,20.05,1
3412.788,00:07:31.682,humidity,65.27,1
3412.838,00:07:31.733,noise,40.5,1
3415.914,00:07:34.809,temperature,20.02,1
3415.914,00:07:34.809,humidity,65.16,1
3415.914,00:07:34.809,noise,41.7,1
3418.993,00:07:37.888,temperature,20.0,1
3418.993,00:07:37.888,humidity,65.05,1
3418.993,00:07:37.888,noise,42.0,1
3422.073,00:07:40.968,temperature,19.96,1
3422.073,00:07:40.968,humidity,64.9,1
3422.124,00:07:41.019,noise,40.7,1
3425.199,00:07:44.093,temperature,19.96,1
3425.199,00:07:44.093,humidity,64.85,1
3425.199,00:07:44.093,noise,41.2,1
3428.274,00:07:47.169,temperature,19.94,1
3428.275,00:07:47.169,humidity,64.77,1
3428.275,00:07:47.169,noise,68.6,1
3431.352,00:07:50.247,temperature,19.96,1
3431.352,00:07:50.247,humidity,64.69,1
3431.403,00:07:50.297,noise,40.8,1
3434.478,00:07:53.373,temperature,19.93,1
3434.478,00:07:53.373,humidity,64.59,1
3434.478,00:07:53.373,noise,41.2,1
3437.555,00:07:56.450,temperature,19.92,1
3437.555,00:07:56.450,humidity,64.52,1
3437.555,00:07:56.450,noise,40.8,1
3440.632,00:07:59.527,temperature,19.9,1
3440.683,00:07:59.578,humidity,64.43,1
3440.683,00:07:59.578,noise,40.6,1
3443.761,00:08:02.656,temperature,19.9,1
3443.761,00:08:02.656,humidity,64.29,1
3443.761,00:08:02.656,noise,41.2,1
3446.838,00:08:05.733,temperature,19.87,1
3446.838,00:08:05.733,humidity,64.21,1
3446.838,00:08:05.733,noise,42.7,1
3449.917,00:08:08.812,temperature,19.85,1
3449.917,00:08:08.812,humidity,64.15,1
3449.967,00:08:08.862,noise,40.6,1
3453.043,00:08:11.938,temperature,19.85,1
3453.043,00:08:11.938,humidity,64.07,1
3453.043,00:08:11.938,noise,42.7,1
3456.126,00:08:15.021,temperature,19.82,1
3456.126,00:08:15.021,humidity,63.94,1
3456.126,00:08:15.021,noise,45.7,1
3459.203,00:08:18.098,temperature,19.83,1
3459.203,00:08:18.098,humidity,63.84,1
3459.254,00:08:18.149,noise,40.5,1
3462.332,00:08:21.227,temperature,19.81,1
3462.332,00:08:21.227,humidity,63.76,1
3462.332,00:08:21.227,noise,41.1,1
3465.411,00:08:24.305,temperature,19.79,1
3465.411,00:08:24.305,humidity,63.7,1
3465.411,00:08:24.305,noise,54.3,1
3468.486,00:08:27.381,temperature,19.75,1
3468.486,00:08:27.381,humidity,63.63,1
3468.536,00:08:27.431,noise,59.7,1
3471.612,00:08:30.507,temperature,19.78,1
3471.612,00:08:30.507,humidity,63.6,1
3471.612,00:08:30.507,noise,52.9,1
3474.687,00:08:33.582,temperature,19.74,1
3474.687,00:08:33.582,humidity,63.48,1
3474.687,00:08:33.582,noise,47.0,1
3477.767,00:08:36.661,temperature,19.73,1
3477.767,00:08:36.661,humidity,63.43,1
3477.817,00:08:36.712,noise,54.5,1
3480.892,00:08:39.787,temperature,19.71,1
3480.892,00:08:39.787,humidity,63.33,1
3480.892,00:08:39.787,noise,53.2,1
3483.967,00:08:42.862,temperature,19.7,1
3483.967,00:08:42.862,humidity,63.27,1
3483.967,00:08:42.862,noise,46.0,1
3487.048,00:08:45.942,temperature,19.7,1
3487.048,00:08:45.942,humidity,63.18,1
3487.098,00:08:45.993,noise,52.0,1
3490.175,00:08:49.070,temperature,19.67,1
3490.175,00:08:49.070,humidity,63.1,1
3490.175,00:08:49.070,noise,50.3,1
3493.250,00:08:52.145,temperature,19.66,1
3493.250,00:08:52.145,humidity,62.97,1
3493.250,00:08:52.145,noise,56.1,1
3496.326,00:08:55.221,temperature,19.62,1
3496.377,00:08:55.272,humidity,62.84,1
3496.377,00:08:55.272,noise,40.6,1
3499.452,00:08:58.347,temperature,19.62,1
3499.452,00:08:58.347,humidity,62.7,1
3499.452,00:08:58.347,noise,47.7,1
3502.532,00:09:01.426,temperature,19.61,1
3502.532,00:09:01.426,humidity,62.46,1
3502.532,00:09:01.426,noise,54.0,1
3505.656,00:09:04.551,temperature,19.57,1
3505.656,00:09:04.551,humidity,62.36,1
3505.656,00:09:04.551,noise,46.1,1
3508.732,00:09:07.627,temperature,19.57,1
3508.732,00:09:07.627,humidity,62.26,1
3508.732,00:09:07.627,noise,42.3,1
3511.810,00:09:10.705,temperature,19.55,1
3511.810,00:09:10.705,humidity,62.13,1
3511.810,00:09:10.705,noise,54.1,1
3514.937,00:09:13.832,temperature,19.52,1
3514.937,00:09:13.832,humidity,62.04,1
3514.937,00:09:13.832,noise,51.5,1
3518.014,00:09:16.908,temperature,19.52,1
3518.014,00:09:16.908,humidity,61.97,1
3518.014,00:09:16.908,noise,42.5,1
3521.091,00:09:19.986,temperature,19.49,1
3521.091,00:09:19.986,humidity,61.84,1
3521.091,00:09:19.986,noise,50.7,1
3524.219,00:09:23.114,temperature,19.48,1
3524.219,00:09:23.114,humidity,61.72,1
3524.219,00:09:23.114,noise,49.8,1
3527.296,00:09:26.191,temperature,19.47,1
3527.296,00:09:26.191,humidity,61.67,1
3527.296,00:09:26.191,noise,46.0,1
3530.373,00:09:29.268,temperature,19.46,1
3530.373,00:09:29.268,humidity,61.57,1
3530.373,00:09:29.268,noise,49.1,1
3533.498,00:09:32.393,temperature,19.44,1
3533.498,00:09:32.393,humidity,61.39,1
3533.498,00:09:32.393,noise,47.4,1
3536.574,00:09:35.468,temperature,19.42,1
3536.574,00:09:35.468,humidity,61.25,1
3536.574,00:09:35.468,noise,48.2,1
3539.651,00:09:38.546,temperature,19.39,1
3539.651,00:09:38.546,humidity,61.14,1
3539.702,00:09:38.597,noise,50.6,1
3542.781,00:09:41.676,temperature,19.4,1
3542.781,00:09:41.676,humidity,61.01,1
3542.781,00:09:41.676,noise,47.9,1
3545.856,00:09:44.750,temperature,19.34,1
3545.856,00:09:44.750,humidity,60.91,1
3545.856,00:09:44.750,noise,50.2,1
3548.933,00:09:47.828,temperature,19.36,1
3548.933,00:09:47.828,humidity,60.86,1
3548.984,00:09:47.879,noise,43.7,1
3552.063,00:09:50.958,temperature,19.36,1
3552.063,00:09:50.958,humidity,60.78,1
3552.063,00:09:50.958,noise,51.1,1
3555.142,00:09:54.037,temperature,19.36,1
3555.142,00:09:54.037,humidity,60.75,1
3555.142,00:09:54.037,noise,54.7,1
3558.217,00:09:57.112,temperature,19.35,1
3558.217,00:09:57.112,humidity,60.68,1
3558.217,00:09:57.112,noise,42.7,1
3561.347,00:10:00.242,temperature,19.33,1
3561.347,00:10:00.242,humidity,60.55,1
3561.347,00:10:00.242,noise,41.8,1
3564.424,00:10:03.318,temperature,19.3,1
3564.424,00:10:03.318,humidity,60.41,1
3564.424,00:10:03.318,noise,42.0,1
3567.498,00:10:06.393,temperature,19.27,1
3567.498,00:10:06.393,humidity,60.33,1
3567.549,00:10:06.443,noise,41.9,1
3570.623,00:10:09.518,temperature,19.27,1
3570.623,00:10:09.518,humidity,60.25,1
3570.623,00:10:09.518,noise,40.9,1
3573.697,00:10:12.592,temperature,19.24,1
3573.697,00:10:12.592,humidity,60.17,1
3573.697,00:10:12.592,noise,40.4,1
3576.775,00:10:15.670,temperature,19.25,1
3576.826,00:10:15.720,humidity,60.06,1
3576.826,00:10:15.720,noise,40.4,1
3579.901,00:10:18.796,temperature,19.24,1
3579.902,00:10:18.796,humidity,59.98,1
3579.902,00:10:18.796,noise,45.0,1
3582.979,00:10:21.873,temperature,19.22,1
3582.979,00:10:21.873,humidity,59.92,1
3582.979,00:10:21.873,noise,42.1,1
3586.059,00:10:24.954,temperature,19.22,1
3586.059,00:10:24.954,humidity,59.77,1
3586.110,00:10:25.005,noise,42.2,1
3589.187,00:10:28.082,temperature,19.18,1
3589.187,00:10:28.082,humidity,59.64,1
3589.187,00:10:28.082,noise,41.0,1
3592.267,00:10:31.162,temperature,19.16,1
3592.267,00:10:31.162,humidity,59.55,1
3592.267,00:10:31.162,noise,40.4,1
3595.342,00:10:34.237,temperature,19.12,1
3595.342,00:10:34.237,humidity,59.45,1
3595.393,00:10:34.288,noise,50.2,1
3598.467,00:10:37.361,temperature,19.11,1
3598.467,00:10:37.361,humidity,59.31,1
3598.467,00:10:37.361,noise,42.7,1
